word,basic,specific,unique
acorn,acorn,,
adobo,adobo,,
albacore,albacore,,
alcohol,alcohol,,
alcohol_drinks,alcohol,,
alcoholic_beverages,alcohol,,
alcoholic_drinks,alcohol,,
bourbon,alcohol,bourbon,
brandy,alcohol,brandy,
champaign,alcohol,champaign,
champange,alcohol,champaign,
chardonnay,alcohol,chardonnay,
charnina,alcohol,chardonnay,
gin,alcohol,gin,
margaritas,alcohol,margarita,
mixed_drinks,alcohol,mixeddrinks,
palmettos,alcohol,palmetto,
pincolada,alcohol,pinacolada,
rum,alcohol,rum,
sauvignon_blanc,alcohol,wine,sauvignonblanc
scotch,alcohol,scotch,
screwdrivers,alcohol,screwdriver,
tequila,alcohol,tequila,
vodka,alcohol,vodka,
whiskey,alcohol,whiskey,
wine,alcohol,wine,
wiskey,alcohol,whiskey,
alfalfa,alfalfa,,
alfalfsprouts,alfalfa,,
algae,algae,,
anchovies,anchovy,,
anchovy,anchovy,,
love_anchovies,anchovy,,
anise,anise,,
antipasto,antipasto,,
antipastos,antipasto,,
ape,ape,,
appetizer,appetizer,,
appetizers,appetizer,,
apple,apple,,
apples,apple,,
apples_for_fruit,apple,,
appple,apple,,
caramel_apples,apple,caramel,
carmeled_apples,apple,caramel,
delicious_apples,apple,,
fried_apples,apple,,
applesauce,applesauce,,
apple_sauce,applesauce,,
applesause,applesauce,,
applesuace,applesauce,,
apricot,apricot,,
apricots,apricot,,
apriocots,apricot,,
artichocke,artichoke,,
artichoke,artichoke,,
artichokes,artichoke,,
articoke,artichoke,,
argula,arugula,,
arugula,arugula,,
aparagus,asparagus,,
asparagus,asparagus,,
aspargus,asparagus,,
avacado,avocado,,
avacados,avocado,,
avacodo,avocado,,
avocado,avocado,,
avocados,avocado,,
baby_reds,baby,reds,
bacon,bacon,,
bacon_and_eggs,bacon,,
canadian_bacon,bacon,canadian,
bagel,bagel,,
bagels,bagel,,
baguettes,baguettes,,
bake,bake,,
baked,bake,,
bakery,bake,,
bakery_goods,bake,,
bakery_items,bake,,
bakes,bakes,,
baking_powder,bakingpowder,,
bakingpower,bakingpowder,,
baking_soda,bakingsoda,,
baking_sodas,bakingsoda,,
baklava,baklava,,
bamboo_shoots,bamboo,,
banana,banana,,
bananas,banana,,
bananna,banana,,
banannas,banana,,
bannanas,banana,,
bannans,banana,,
bannas,banana,,
including_bananas,banana,,
apple_bars,bar,apple,
bananbars,bar,banana,
bars,bar,,
breakfast_bars,bar,breakfast,
cereal_bars,bar,cereal,
fiber_bars,bar,fiber,
fruit_bars,bar,fruit,
granolbar,bar,granola,
granolbars,bar,granola,
health_bars,bar,health,
health_food_bars,bar,health,
barbeque_sauce,barbecue,sauce,
bbq,barbecue,,
bark_of_certain_plants,bark,,
barely,barley,,
barley,barley,,
basil,basil,,
sweet_basil,basil,sweet,
basmati_rice,basmati,rice,
bass,bass,,
bate,bate,,
batter,batter,,
bay_leaf,bayleaf,,
baked_beans,bean,baked,
bavbeans,bean,baked,
bean,bean,,
bean,bean,,
beanscorn,bean,,
bean_sprouts,bean,sprouts,
black_beans,bean,black,
bocbean,bean,boca,
bonzbeans,bean,bonzo,
brown_beans,bean,brown,
butter_beans,bean,butter,
cannellini_beans,bean,cannellini,
chili_beans,bean,chili,
different_kinds_of_beans,bean,,
dried_beans,bean,,
dry_beans,bean,,
fat_beans,bean,,
favbeans,bean,fava,
French_beans,bean,,
fried_beans,bean,,
frijoles,bean,,
frozen_beans,bean,,
garbanzo,bean,garbonzo,
garbanzo_beans,bean,garbonzo,
garbanzo_beas,bean,garbonzo,
gonzo_beans,bean,garbonzo,
grabanzo_beans,bean,garbonzo,
grean_beans,bean,green,
greenbeans,bean,green,
green_beans,bean,green,
green_beens,bean,green,
italian_beans,bean,,
Italian_beans,bean,,
kidney_beans,bean,kidney,
kindney_beans,bean,kidney,
lentil,bean,lentil,
lentil_beans,bean,lentil,
lentils,bean,lentil,
limbean,bean,lima,
limbeans,bean,lima,
navy_beans,bean,navy,
northern_beans,bean,northern,
pinto_beans,bean,pinto,
pulled_beans,bean,pulled,
red_beans,bean,red,
refried_beans,bean,refried,
regular_beans,bean,,
snap_beans,bean,snap,
snow_beans,bean,snow,
string_beans,bean,string,
there's_beans,bean,,
wax_beans,bean,wax,
white_beans,bean,white,
whole_beans,bean,,
yello_beans,bean,yellow,
yellow_beans,bean,yellow,
beaf,beef,,
beef,beef,,
beef`,beef,,
beef_brisket,beef,brisket,
beef_cattle,beef,,
beef_chops,beef,chops,
beef_loin,beef,loin,
beef_meat,beef,,
beef_patties,beef,patties,
beef_pork,beef,,
beef_roast,beef,roast,
beef_roasts,beef,roast,
beefsteak,beef,steak,
beef_steak,beef,steak,
beef_steaks,beef,steak,
beef_tenderlion,beef,tenderloin,
beef_tenderloin,beef,tenderloin,
beef_wellington,beef,wellington,
brisket,beef,brisket,
cattle,beef,,
corn_beans,beef,corned,
corn_beef,beef,corned,
corn_beef_hash,beef,corned,
corned_beef,beef,corned,
corned_beef_hash,beef,corned,
cow,beef,,
cows,beef,,
dried_beef,beef,,
heffers,beef,,
raw_beef,beef,raw,
roast_beeef,beef,roast,
roastbeef,beef,roast,
roast_beef,beef,roast,
roast__beef,beef,roast,
roast-beef,beef,roast,
beer,beer,,
beer_nuts,beer,nut,
beers,beer,,
Budweiser,beer,Budweiser,
beats,beet,,
beet,beet,,
beets,beet,,
beet_sprouts,beet,sprouts,
red_beets,beets,red,
all_of_your_berries,berry,,
berries,berry,,
berries_of_any_kind,berry,,
berries_of_every_kind,berry,,
berry,berry,,
blackberries,berry,black,
black_berries,berry,black,
blackberrries,berry,black,
blackberry,berry,black,
blackcaps,berry,blackcap,
black_raspberries,berry,rasp,
bluberries,berry,black,
bluberry,berry,blue,
blueberrie,berry,blue,
blueberries,berry,blue,
blue_berries,berry,blue,
blueberry,berry,blue,
boysenberries,berry,boysen,
bramble_berries,berry,bramble,
elderberries,berry,elder,
gooseberries,berry,goose,
gooseberry,berry,goose,
huckleberries,berry,huckle,
juneberries,berry,june,
biscotti,biscotti,,
biscotties,biscotti,,
biscuit,biscuit,,
biscuits,biscuit,,
biscuts,biscuit,,
boiled_dinner,boiled,,
boiled_food,boiled,,
bok_choy,bokchoy,,
baloney,bologna,,
big_bologna,bologna,,
bologna,bologna,,
bologne,bologna,,
boloney,bologna,,
Milk_bones,bones,milk,
cajun_boudin,boudin,sausage,
bouillon,bouillon,,
boxed,boxed,,
boxed_foods,boxed,foods,
brains,brain,,
rye_bran,bran,rye,
all_of_the_breads,bread,,
apple_bread,bread,apple,
baked_breads,bread,baked,
bananbread,bread,banana,
bead,bread,,
bread,bread,,
bread_crumbs,bread,,
bread_fruids,bread,,
bread_group,bread,,
bread_mixes,bread,,
bread_or_any_grain,bread,,
bread_rolls,bread,roll,
breads,bread,,
breadsticks,bread,stick,
bread_sticks,bread,stick,
brown_breads,bread,,
butter_bread,bread,butter,
chunky_cinnamon_raisin_bread,bread,cinnimon,raison
ciabatta,bread,ciabatta,
cinnamon_bread,bread,cinnamon,
cranberry_bread,bread,cranberry,
dark_bread,bread,,
date_bread,bread,,
different_choice_of_bread,bread,,
dough_bread,bread,,
enriched_bread,bread,,
fiber_type_bread,bread,,
flat_bread,bread,,
focaccia,bread,focaccia,
focaccibread,bread,focaccia,
french_bread,bread,French,
fruit_bread,bread,,
garlic_bread,bread,garlic,
green_bread,bread,,
homemade_breads,bread,,
hot_loaves,bread,,
I_like_to_make_breads,bread,,
Italian_bread,bread,Italian,
I_think_I_said_breads,bread,,
lefsa,bread,lefsa,
lefse,bread,lefsa,
light_bread,bread,light,
loaf_of_bread,bread,loaf,
nut_breads,bread,nut,
old_fashion_loaf,bread,oldfashioned,
organic_bread,bread,organic,
other_types_of_salads,bread,other,
pita,bread,pita,
pitbread,bread,pita,
pizzbread,bread,pizza,
plain_white_bread,bread,white,
potato_bread,bread,potato,
pumpernickel,bread,pumpernickle,
pumpernickel_bread,bread,pumpernickle,
pumpkin_bread,bread,pumpkin,
regular_bread,bread,,
rye_bread,bread,rye,
sour_bread,bread,sour,
sourdough,bread,sourdough,
sourdough_bread,bread,sourdough,
sweetbreads,bread,sweet,
toasted_bread,bread,toasted,
unleavened_breads,bread,unleavened,
walnut_prairie_bread,bread,walnutprairie,
wheat_bread,bread,wheat,
wheat_breads,bread,wheat,
white_bread,bread,white,
whole_grain_bread,bread,wholegrain,
whole_grain_breads,bread,wholegrain,
whole_wheat_bread,bread,wholewheat,
whole-wheat_bread,bread,wholewheat,
whole_wheat_breads,bread,wholewheat,
break,breakfast,,
breakfast,breakfast,,
breakfast_food,breakfast,,
breakfast_foods,breakfast,,
breath_mint,breathmint,,
peanut_brittle,brittle,peanut,
broccoli,broccoli,,
broccolini,broccoli,,
brocolli,broccoli,,
frozen_broccoli,broccoli,,
broiled,broiled,,
broth,broth,,
risotto,broth,risotto,
brownie,brownie,,
brownies,brownie,,
different_kinds_of_brownies,brownie,,
bruschetta,bruschetta,,
brosle_sprouts,brussel,sprouts,
brussels,brusselsprouts,,
brussel_spouts,brusselsprouts,,
brussel_sproats,brusselsprouts,,
brussel_sprout,brusselsprouts,,
brusselsprouts,brusselsprouts,,
brussel_sprouts,brusselsprouts,,
brusselssprouts,brusselsprouts,,
brussels_sprouts,brusselsprouts,,
Brusselssprouts,brusselsprouts,,
Brussels_sprouts,brusselsprouts,,
buckwheat,buckwheat,,
buffalo,buffalo,,
bull_heads,bull,head,
beef_bullion,bullion,beef,
bun,bun,,
buns,bun,,
cinnamon_buns,bun,cinnamon,
hamburger_buns,bun,,
hot-cross_buns,bun,,
hot_dog_buns,bun,,
hot-dog_buns,bun,,
bans,buns,,
sticky_buns,buns,sticky,
barbecued_hamburgers,burger,barbeque,
buffalo_burger,burger,buffalo,
soy_burgers,burger,soy,
turkeyburgers,burger,turkey,
turkey_burgers,burger,turkey,
veggie_burgers,burger,veggie,
burnt,burnt,,
burrito,burrito,,
burritos,burrito,,
apple_butter,butter,apple,
butter,butter,,
butters,butter,,
buttter,butter,,
buttermilk,buttermilk,,
butternut,butternut,,
butternuts,butternut,,
babbage,cabbage,,
bread_cabbage,cabbage,bread,
cabbage,cabbage,,
cabbage_roll,cabbage,stuffed,
cabbage_rolls,cabbage,stuffed,
cabbages,cabbage,,
cabbagge,cabbage,,
galumpkis,cabbage,stuffed,
Napcabbage,cabbage,napa,
pakchoi,cabbage,pakchoi,
red_cabbage,cabbage,red,
stuffed_cabbage,cabbage,stuffed,
little_cabages,cabbages,little,
cactus,cactus,,
cactus_leaves,cactus,,
angel_food,cake,angel,food
angel_food_cake,cake,angel,food
angelfood_cake,cake,angel,food
angel_food_candy,cake,angel,food
apple_cake,cake,apple,
bunt_cake,cake,bunt,
cake,cake,,
cake_mix,cake,,
cake_mixes,cake,,
cakes,cake,,
carrot_cake,cake,carrot,
cheesecake,cake,cheese,
cheese_cake,cake,cheese,
coffe_cake,cake,coffee,
coffe_cakes,cake,coffee,
coffeecake,cake,coffee,
coffee_cake,cake,coffee,
coffee_cakes,cake,coffee,
cream_cheese_cakes,cake,cheese,
dirt_cake,cake,,
fruitcake,cake,fruit,
fruit_cake,cake,fruit,
German_chocolate_cake,cake,German,
German_sweet_chocolate_cake,cake,German,
hot_cakes,cake,hot,
ice-cream_cake,cake,icecream,
ice_cream_cakes,cake,icecream,
I_think_I_said_cake,cake,,
kuchen,cake,kuchen,
lemon_cake,cake,lemon,
peach_upside-down_cake,cake,peach,upsidedown
pineapple_upside-down_cake,cake,pineapple,upsidedown
pound_cake,cake,pound,
rice_cakes,cake,rice,
spice-cake,cake,spice,
sponge_cake,cake,sponge,
tort,cake,torte,
torte,cake,torte,
tortes,cake,torte,
vanillcakes,cake,vanilla,
white_cake,cake,white,
yellow_cake,cake,yello,
calamari,calamari,,
calories,calories,,
calzone,calzone,,
calzones,calzone,,
canape,canape,,
almond_joy,candy,almond,joy
apple_candy,candy,apple,
Butterfinger,candy,butterfinger,
butterscotch,candy,butterscotch,
butterscotch_drops,candy,butterscotch,
candies,candy,,
candy,candy,,
candy_bar,candy,,
candybars,candy,,
candy_bars,candy,,
candy_bars_of_all_kinds,candy,,
candy_canes,candy,cane,
candy_cars,candy,,
candy_corn,candy,corn,
candy_corns,candy,corn,
confections,candy,,
Dots,candy,dots,
fruit_rollup,candy,fruit,
fruit_snacks,candy,fruit,
generic_candy,candy,,
gumdrops,candy,,
gummy_bears,candy,,
hard_candy,candy,,
jellybeans,candy,,
jelly_beans,candy,,
m_and_ms,candy,m&ms,
M_and_Ms,candy,m&ms,
mars_bars,candy,marsbar,
Milky_Ways,candy,milkyway,
mm's,candy,m&ms,
mMs,candy,m&ms,
MMs,candy,m&ms,
Mounds,candy,mounds,
pralines,candy,praline,
Snickers,candy,snickers,
sucker,candy,lollipop,
suckers,candy,lollipop,
various_candy,candy,,
wine_gums,candy,fruit,winegums
york_patties,candy,YorkPatty,
stuffed_cannelloni,cannelloni,stuffed,
cantalope,cantaloupe,,
cantalopes,cantaloupe,,
cantaloup,cantaloupe,,
cantaloupe,cantaloupe,,
cantaloupe_melon,cantaloupe,,
cantaloupes,cantaloupe,,
cantelope,cantaloupe,,
cantelopes,cantaloupe,,
canteloupe,cantaloupe,,
canteloups,cantaloupe,,
cappuccino,cappuccino,,
caramel,caramel,,
caramels,caramel,,
caramel_sauce,caramel,,
carmels,caramel,,
carbohydrate,carbohydrate,,
carbohydrates,carbohydrate,,
carob,carob,,
baby_carrots,carrot,,
carrot,carrot,,
carrots,carrot,,
carrrots,carrot,,
cut_carrots,carrot,,
regular_carrots,carrot,,
there's_carrots,carrot,,
your_carrots,carrot,,
long_carrots,carrots,long,
ziti,casarole,ziti,
cassava,cassava,,
manioc,cassava,,
casserole,casserole,,
casserole_dishes,casserole,,
casseroles,casserole,,
strata,casserole,strata,
three_bean_casserole,casserole,threebean,
tuncasserole,casserole,tuna,
catfood,catfood,,
cat_food,catfood,,
cabbagecauliflower,cauliflower,,
cauilflower,cauliflower,,
cauiliflower,cauliflower,,
caulflower,cauliflower,,
cauliflour,cauliflower,,
cauliflower,cauliflower,,
cauliflowers,cauliflower,,
cauliflower,cauliflower,,
cowl_flower,cauliflower,,
caviar,caviar,,
celeries,celery,,
celery,celery,,
cellery,celery,,
your_celeries,celery,,
bran,cereal,bran,
branflakes,cereal,bran,
bran_flakes,cereal,bran,
Bran_Flakes,cereal,bran,
brans,cereal,bran,
breakfast_cereal,cereal,breakfast,
breakfast_cereals,cereal,breakfast,
breakfast_sausage,cereal,breakfast,
breakfest_cereals,cereal,breakfast,
cereal,cereal,,
cereal_food,cereal,,
cereals,cereal,,
cereals_boxes_of_cereal,cereal,,
cereals_cold,cereal,,
cheerio,cereal,oat,Cheerios
Cheerio,cereal,oat,Cheerios
Cheerioes,cereal,oat,Cheerios
cheerios,cereal,oat,Cheerios
Cheerios,cereal,oat,Cheerios
Cheerios_cereal,cereal,oat,Cheerios
Cherios,cereal,oat,Cheerios
cherrios,cereal,oat,Cheerios
Cherrios,cereal,oat,Cheerios
CocoWheats,cereal,wheat,CoCoWheat
cold,cereal,,
cold_cereal,cereal,,
cold_cereals,cereal,,
cornflakes,cereal,corn,CornFlakes
corn_flakes,cereal,corn,CornFlakes
Cornflakes,cereal,corn,CornFlakes
CornFlakes,cereal,corn,CornFlakes
Corn_Flakes,cereal,corn,CornFlakes
corn_puffs,cereal,corn,CornPuffs
Crispy_Critters,cereal,oat,CrispyCritters
different_kinds_of_cereal,cereal,,
dried_cereal,cereal,,
dry_cereal,cereal,,
farina,cereal,wheat,
Frootloops,cereal,sweet,FruitLoops
Froot_Loops,cereal,sweet,FruitLoops
frosted-flakes,cereal,sweet,FrostedFlakes
Frosted_Flakes,cereal,sweet,FrostedFlakes
grape_nuts,cereal,sweet,GrapeNuts
Grape_Nuts,cereal,sweet,GrapeNuts
honey_and_oats,cereal,,
honey_nut_cheerios,cereal,sweet,HoneyNut
hot_cereal,cereal,hot,
hot_cereals,cereal,hot,
Kellogg's,cereal,kellogg's,
lucky_charms,cereal,luckycharms,
Lucky_Charms,cereal,luckycharms,
malt-o-meal,cereal,maltomeal,
Malt_O_Meal,cereal,maltomeal,
Malt-O-Meal,cereal,maltomeal,
Mini_Wheats,cereal,miniwheats,
other_cereal,cereal,other,
other_cereals,cereal,other,
Post,cereal,post,
Quaker_oats,cereal,oat,quaker
raisin_bran,cereal,raisinbran,
Raisin_Bran,cereal,raisinbran,
rice_cereal,cereal,rice,
rice_crispies,cereal,ricecrispies,
Rice_Crispy,cereal,ricekrispies,
rice_krispies,cereal,ricekrispies,
RiceKrispies,cereal,ricekrispies,
Rice_Krispies,cereal,ricekrispies,
rice_krispies_bars,cereal,ricekrispies,
Rice_Krispies_treats,cereal,ricekrispies,
shredded_wheat,cereal,shreddedwheat,
special_k,cereal,specialk,
the_cereals,cereal,,
wheat_bran,cereal,bran,
wheaties,cereal,wheat,Wheaties
Wheaties,cereal,wheat,Wheaties
whole_grain_cereals,cereal,wholegrain,
chard,chard,,
all_cheeses,cheese,,
all_different_kinds_of_cheese,cheese,,
amberjack,cheese,amberjack,
american,cheese,American,
American,cheese,American,
american_aged_brick,cheese,American,
american_cheese,cheese,American,
American_cheese,cheese,American,
any_kind_of_cheese,cheese,,
asiago,cheese,asiago,
blue_cheese,cheese,blue,
brick_cheese,cheese,brick,
brie,cheese,brie,
bulk_cheese,cheese,,
cheddar,cheese,cheddar,
cheddar_cheese,cheese,cheddar,
chedder_cheese,cheese,cheddar,
cheedar_cheese,cheese,cheddar,
cheese,cheese,,
cheese_curds,cheese,curd,
cheese_dip,cheese,dip,
cheese_products,cheese,,
cheeses,cheese,,
cheese_stick,cheese,stick,
cheese_sticks,cheese,stick,
cheesies,cheese,,
chese,cheese,,
colby,cheese,colby,
colby_cheese,cheese,colby,
curd,cheese,curd,
different_kinds_of_cheese,cheese,curd,
feta,cheese,feta,
fetcheese,cheese,feta,
fettcheese,cheese,feta,
fettle,cheese,feta,
goat_cheese,cheese,goat,
gorgonzolcheese,cheese,gorgonzola,
gouda,cheese,gouda,
goudcheese,cheese,gouda,
grated_cheese,cheese,,
hard_cheese,cheese,,
havarti,cheese,havarti,
humboldt_fog_cheese,cheese,humboldt,
laughingcow_cheese,cheese,laughingcow,
Monterey_Jack_cheese,cheese,montereyjack,
montery_jack,cheese,montereyjack,
mozzarella,cheese,mozzarella,
mozzarellcheese,cheese,mozzarella,
munster_cheese,cheese,muenster,
other_cheeses,cheese,other,
other_kind_of_cheeses,cheese,other,
parmesan,cheese,parmesan,
parmesan_cheese,cheese,parmesan,
peperino_cheese,cheese,peperino,
pepperjack_cheese,cheese,pepperjack,
Philadelphicream_cheese,cheese,cream,philadelphia
provolone,cheese,provolone,
provolone_cheese,cheese,provolone,
regular_cheese,cheese,,
ricottcheese,cheese,ricotta,
romano_cheese,cheese,romano,
roquefort_cheese,cheese,roquefort,
sartori,cheese,sartori,
sharp_cheese,cheese,sharp,
spadinni,cheese,spadini,
string_cheese,cheese,string,
swiss_cheese,cheese,swiss,
Swiss_cheese,cheese,swiss,
Velveetcheese,cheese,velveeta,
velveta,cheese,velveeta,
wisconsin_cheddar,cheese,chedar,Wisonsin
Wisconsin_cheddar_cheese,cheese,chedar,Wisonsin
wisconsin_cheese,cheese,Wisonsin,
quarter_pound_cheeseburger,cheeseburger,quarterpound,
lemon_cheesecake,cheesecake,lemon,
chemicals,chemical,,
bing_cherries,cherry,bing,
cherrie,cherry,,
cherries,cherry,,
cherry,cherry,,
ground_cherries,cherry,ground,
maraschino_cherries,cherry,maraschino,
sour_cherries,cherry,sour,
sweet_cherries,cherry,sweet,
you'd_have_cherries,cherry,,
water_chestnuts,chestnut,water,
chestnuts,chestnuts,,
baked_chicken,chicken,baked,
barbecued_chicken,chicken,barbeque,
boiled_chicken,chicken,boiled,
broiled_chicken,chicken,broiled,
capon,chicken,capon,
chicen,chicken,,
chicken,chicken,,
chicken_alfredo,chicken,alfredo,
chicken_breast,chicken,,
chicken_breasts,chicken,,
chicken_broth,chicken,broth,
chicken_cutlets,chicken,,
chicken_did_I_mention_that,chicken,,
chicken_drumsticks,chicken,leg,
chicken_fingers,chicken,finger,
chicken_fried,chicken,fried,
chicken_fried_steak,chicken,fried,steak
chicken_legs,chicken,leg,
chicken_meat,chicken,,
chicken_nuggets,chicken,finger,
chicken_parmesan,chicken,Parmesan,
chicken_patties,chicken,,
chickens,chicken,,
chicken_thighs,chicken,leg,
country_fried_chicken,chicken,fried,
drumstick,chicken,leg,
drumsticks,chicken,leg,
farm_fowl,chicken,,
fried_chicken,chicken,,
fried_chicken_legs,chicken,leg,
garlic_chicken,chicken,,
grilled_chicken,chicken,,
hen,chicken,,
hens,chicken,,
hornish_hen,chicken,,
jerk_chicken,chicken,,
roast_chicken,chicken,roast,
steamed_chicken,chicken,steamed,
sweet_and_sour_chicken,chicken,sweetandsour,
McNuggets,chickennuggets,,
chicory,chicory,,
chile,chili,,
chili,chili,,
chilies,chili,,
chili_peppers,chili,,
chilis,chili,,
green_chiles,chili,,
green_chilis,chili,,
hotpeppers,chili,,
hot_peppers,chili,,
chimichanga,chimichanga,,
chimichangas,chimichanga,,
corn_chips,chip,corn,
corn_curls,chip,corn,
tortichips,chips,tortilla,
tortillchips,chips,tortilla,
Tostidos,chips,tostitos,
tostitos,chips,tostitos,
vegetable_chips,chips,vegetable,
chitlens,chitlins,,
chitlins,chitlins,,
chive,chives,,
chives,chives,,
caramel_chocolates,chocolate,caramel,
chocolate,chocolate,,
chocolate_bars,chocolate,bar,
chocolate_cake,chocolate,cake,
chocolate_candy,chocolate,candy,
chocolate_candy_bars,chocolate,bar,
chocolate_chips,chocolate,chip,
chocolate_covered_strawberries,chocolate,strawberries,
chocolate_kisses,chocolate,candy,
chocolates,chocolate,,
chocolate_sauce,chocolate,sauce,
chocolate_sauces,chocolate,sauce,
chocolate_syrup,chocolate,syrup,
dark_chocolate,chocolate,dark,
Hershey,chocolate,candy,
hershey_bars,chocolate,bar,
Hershey_bars,chocolate,bar,
chokecherries,chokecherries,,
cholesterol,cholesterol,,
cholesterol_free_foods,cholesterol,free,foods
chopsuey,chopsuey,,
chopsui,chopsuey,,
chowder,chowder,,
clam_chowder,chowder,,
chicken_chow_mein,chowmein,,
chow_main,chowmien,,
chow_mein,chowmien,,
chow_mein_noodles,chowmien,,
chowmein_noodles,chowmien,,
chuck_roast,chuck,roast,
chuck_steak,chuck,steak,
chutney,chutney,,
apple_cider,cider,apple,
cider,cider,,
cilantro,cilantro,,
cinnamon,cinnamon,,
cinnamon_sticks,cinnamon,sticks,
citrus,citrus,,
clam,clam,,
clams,clam,,
cockles,clam,cockles,
clover,cloves,,
cloves,cloves,,
cherry_cobbler,cobbler,cherry,
cobbler,cobbler,,
cobblers,cobbler,,
fruit_cobbler,cobbler,fruit,
peach_cobbler,cobbler,peach,
coca,cocoa,,
cocoa,cocoa,,
coconut,coconut,,
coconuts,coconut,,
cocowheat,cocowheat,,
coffee,coffee,,
coffee_beans,coffee,bean,
coffees,coffee,,
joe,coffee,,
mocha,coffee,mocha,
mochas,coffee,mocha,
pepsi,cola,,
Pepsi,cola,,
coleslaw,coleslaw,,
cole_slaw,coleslaw,,
compotes,compotes,,
candoments,condiment,,
condiments,condiment,,
other_condiments,condiment,other,
accompaniments,condiments,,
cooked_foods,cooked,foods,
chocolate_chip_cookies,cookie,chocolate,chip
chocolate-chip_cookies,cookie,chocolate,chip
cookie,cookie,,
cookie_bars,cookie,,
cookies,cookie,,
different_kinds_of_cookies,cookie,,
krunkake,cookie,krumkake,
Oreo,cookie,oreo,
oreos,cookie,oreo,
Oreos,cookie,oreo,
peanut_butter_cookies,cookie,peanutbutter,
snickerdoodles,cookie,snickerdoodle,
cool_whip,CoolWhip,,
Cool_Whip,CoolWhip,,
Dream_Whip,CoolWhip,,
whip_cream,CoolWhip,,
whipped_cream,CoolWhip,,
whipping_cream,CoolWhip,,
coriander,coriander,,
canned_corn,corn,canned,
can_of_corn,corn,canned,
cob_on_the_corn,corn,,
corn,corn,,
corn_kernals,corn,,
corn_kernels,corn,,
corn_on_the_cob,corn,,
corns,corn,,
cream-style_corn,corn,,
feild_corn,corn,,
field_corn,corn,,
frozen_corn,corn,,
I_should_say_corn,corn,,
regular-style_corn,corn,,
succotash,corn,succotash,
sweat_corn,corn,sweet,
sweet_corn,corn,sweet,
sweet_corrn,corn,sweet,
white_corn,corn,,
yellow_corn,corn,,
cornbread,cornbread,,
corn_bread,cornbread,,
corn_breads,cornbread,,
corn_dog,corndog,,
corndogs,corndog,,
corn_dogs,corndog,,
cornish_game_hen,cornishhen,,
Cornish_game_hens,cornishhen,,
cornish_hen,cornishhen,,
Cornish_hen,cornishhen,,
cornish_hens,cornishhen,,
Cornish-hens,cornishhen,,
cornmeal,cornmeal,,
corn_meal,cornmeal,,
cornstarch,cornstarch,,
cottage_cheese,cottagecheese,cheese,
cottage-cheese,cottagecheese,cheese,
cottege_cheese,cottagecheese,,
cotton_candy,cotton,candy,
couscous,couscous,,
cous-cous,couscous,,
cus_cus,couscous,,
kuskus,couscous,,
blue_crab,crab,blue,
crab,crab,,
crab_cakes,crab,,
crab_legs,crab,legs,
crabs,crab,,
crabs_legs,crab,legs,
king_crab,crab,king,
opilio_crab,crab,opilio,
soft_shell_crabs,crab,softshell,
crabapple,crabapple,,
crab_apples,crabapple,,
animal_crackers,cracker,animal,
cracker,cracker,,
crackers,cracker,,
graham,cracker,grahm,
graham_cackers,cracker,grahm,
graham_cracker,cracker,grahm,
graham_crackers,cracker,grahm,
Graham_crackers,cracker,grahm,
matzo_crackers,cracker,matzo,
regular_crackers,cracker,,
rice_cracker,cracker,rice,
Ritz_crackers,cracker,ritz,
saltine_crackers,cracker,saltine,
Saltine_crackers,cracker,saltine,
saltines,cracker,saltine,
Saltines,cracker,saltine,
sodcrackers,cracker,soda,
Wheatables,cracker,Wheatables,
wheat_crackers,cracker,wheat,
crackerjack,crackerjack,,
crackerjacks,crackerjack,,
Cracker_Jacks,crackerjack,,
snack_crackers,crackers,,
craisins,craisin,,
cranberries,cranberry,,
cranberry,cranberry,,
crawdads,crayfish,,
crawfish,crayfish,,
craw_fish,crayfish,,
crayfish,crayfish,,
creads,creads,,
coconut_cream,cream,coconut,
cream,cream,,
cream_cheese,cream,cheese,
cream_milk,cream,,
cream_of_tartar,cream,of,tartar
creamofwheat,cream,of,wheat
cream_of_wheat,cream,of,wheat
Cream_of_wheat,cream,of,wheat
creams,cream,,
cream_sauce,cream,,
half_and_half,cream,,
marshmallow_cream,cream,marshmallow,
sour_cream,cream,sour,
sour-cream,cream,sour,
creamer,creamer,,
creme_brule,creme,brule,
creme_brulee,creme,brule,
shrimp_creole,creole,shrimp,
crapes,crepe,,
crepes,crepe,,
polichinta,crepe,palacsinta,
crisco,Crisco,,
Crisco,Crisco,,
apple_crisp,crisp,apple,
croissant,croissant,,
croissants,croissant,,
croutons,crouton,,
crumbs,crumb,,
crustaceans,crustacean,,
cucumber,cucumber,,
cucumbers,cucumber,,
cuisine,cuisine,,
cumen,cumin,,
cumin,cumin,,
peanut_butter_cups,cup,peanutbutter,
cupcake,cupcake,,
cup_cake,cupcake,,
cupcakes,cupcake,,
cup_cakes,cupcake,,
black_currants,currant,black,
black_current,currant,black,
currant,currant,,
currants,currant,,
currents,currant,,
red_currants,currant,red,
white_currants,currant,white,
curries,curry,,
custard,custard,,
custards,custard,,
frozen_custard,custard,frozen,
all_dairies,dairy,,
all_dairy_products,dairy,,
all_the_dairy_products,dairy,,
any_other_dairy_products,dairy,,
dairy,dairy,,
dairy_foods,dairy,,
dairy_product,dairy,,
dairy_products,dairy,,
dairy_products_in_general,dairy,,
dairy_products_of_all_kinds,dairy,,
diary,dairy,,
diary_products,dairy,,
date,date,,
dates,date,,
cold_cuts,deli,,
cold_meat,deli,,
cold_meats,deli,,
deli,deli,,
delicitessen_foods,deli,,
deli_foods,deli,,
deli_meat,deli,,
delicacies,delicacies,,
any_dessert,dessert,,
desert,dessert,,
deserts,dessert,,
dessert,dessert,,
desserts,dessert,,
desserts_all_kinds_of_dessert,dessert,,
desserts_in_general,dessert,,
desserts_that_are_ok,dessert,,
desserts_you_shouldn't_have,dessert,,
different_kinds_of_desserts,dessert,,
mousee,dessert,mousse,
muffin,dessert,muffin,
muffins,dessert,muffin,
napoleons,dessert,napoleon,
Napoleons,dessert,napoleon,
norwegian_pastries,dessert,norwegian,pastries
scones,dessert,scone,
sherbert,dessert,sherbet,
snowballs,dessert,snoball,
stollen,dessert,stollen,
streusel,dessert,streusel,
dill,dill,,
dinner,dinner,,
dinner_food,dinner,,
dinners,dinner,,
chip_dip,dip,,
dip,dip,,
dips,dip,,
french_dip,dip,,
dog,dog,,
veggie_dogs,dog,veggie,
dolphin,dolphin,,
donkey,donkey,,
crullers,donut,cruller,
dognuts,donut,,
donut,donut,,
donut_holes,donut,,
donuts,donut,,
doughnut,donut,,
doughnuts,donut,,
jelly_filled_doughnuts,donut,,
Krispy_Kreme_donuts,donut,kripykreme,
Krispy_Kremes,donut,kripykreme,
sour_cream_donut_holes,donuthole,withsourcream,
bottle_dressings,dressing,,
dressing,dressing,,
dressings,dressing,,
french_dressing,dressing,French,
thousand_island,dressing,thousandisland,
thousand_island_dressing,dressing,thousandisland,
all_types_of_drinks,drink,,
beverage,drink,,
beverages,drink,,
Boost,drink,boost,
carbonated_beverages,drink,carbonated,
drink,drink,,
drinkable,drink,,
drinks,drink,,
Gatorade,drink,sport,
powdered_drinks,drink,powdered,
protein_drinks,drink,protein,
things_that_you_drink,drink,,
things_to_drink,drink,,
duck,duck,,
ducks,duck,,
wild_duck,duck,,
chicken_dumplings,dumpling,chicken,
dumpling,dumpling,,
dumplings,dumpling,,
pierogi,dumpling,pierogi,
pirogies,dumpling,pierogi,
edamame,edamame,,
edible_flowers,edible,flowers,
baked_eel,eel,baked,
eel,eel,,
artificial_eggs,egg,artificial,
coddler,egg,coddler,
deviled_eggs,egg,deviled,
Easter_eggs,egg,,
eegs,egg,,
egg,egg,,
eggbeaters,egg,artificial,
egg_dishes,egg,,
egg_foo_young,egg,fu,yung
egg_fu_yung,egg,fu,yung
eggs,egg,,
eggs_benedict,egg,Benedict,
eggs_Benedict,egg,Benedict,
egg_the_chicken_laid_when_it_,egg,,
egg_yolk,egg,,
fried_eggs,egg,,
hard_boiled_eggs,egg,,
low_fat_eggs,egg,,
poached_egg,egg,poached,
poached_eggs,egg,poached,
scrambled_eggs,egg,scrambled,
eggnog,eggnog,,
eggplant,eggplant,,
eggplant_parmesan,eggplant,,
eggplants,eggplant,,
eggrolls,eggroll,,
egg_rolls,eggroll,,
elephant,elephant,,
enchilada,enchilada,,
enchiladas,enchilada,,
enchiritos,enchilada,,
andive,endive,,
andives,endive,,
endive,endive,,
endives,endive,,
english_muffins,Englishmuffin,,
English_muffins,Englishmuffin,,
entrees,entrees,,
entrÂ‚es,entrees,,
escargot,escargot,,
escarole,escarole,,
escaroles,escarole,,
fajita,fajita,,
fajitas,fajita,,
frijitas,fajitas,,
big_macs,fastfood,,
Big_Macs,fastfood,,
fast_food,fastfood,,
fast-food,fastfood,,
fast_food_restaurants,fastfood,,
fast_foods,fastfood,,
fettuccine,fettuccini,,
fettuccini,fettuccini,,
fettuccini_alfredo,fettuccini,,
fettucine,fettuccini,,
fettucini,fettuccini,,
fiber,fiber,,
fiber_food,fiber,,
foods_containing_fiber,fiber,,
fig,fig,,
figs,fig,,
abalone,fish,abalone,
ahi,fish,tuna,
all_different_kinds_of_fish,fish,,
all_kinds_of_fish,fish,,
all_sorts_of_fish,fish,,
all_the_fish,fish,,
any_kind_of_fish,fish,,
baked_fish,fish,baked,
bluefish,fish,blue,
bluegill,fish,bluegill,
blue_gill,fish,bluegill,
blue_gills,fish,bluegill,
bream,fish,bream,
broiled_fish,fish,broiled,
cabazan,fish,cabazon,
carp,fish,carp,
cat,fish,cat,
catfish,fish,cat,
channel_cat,fish,cat,
cod,fish,cod,
cod_fillets,fish,cod,
codfish,fish,cod,
crappies,fish,crappie,
different_types_of_fish,fish,,
fish,fish,,
fish_fry,fish,,
fish_in_general,fish,,
fish_products,fish,,
fish_sticks,fish,stick,
fishZ,fish,,
flounder,fish,flounder,
fried_fish,fish,,
grayling,fish,grayling,
grouper,fish,grouper,
gruper,fish,gruper,
haddock,fish,haddock,
halibut,fish,halibut,
hallibut,fish,halibut,
herring,fish,herring,
just_plain_fish,fish,,
lake_perch,fish,perch,lake
lake_trout,fish,trout,lake
longfish,fish,longfish,
ludafisk,fish,lutefisk,
lutefisk,fish,lutefisk,
mackerel,fish,mackerel,
mahimahi,fish,mahimahi,
mahi-mahi,fish,mahimahi,
mullet,fish,mullet,
muskies,fish,muskie,
musky,fish,muskie,
northern_pike,fish,pike,northern
numerous_fish_and_crustaceans,fish,,
ocean_perch,fish,oceanperch,
orange_ruffe,fish,ruffe,orange
orange_ruffy,fish,orangeroughey,
other_fish,fish,other,
pan_fish,fish,pan,
pike,fish,pike,
pollack,fish,pollock,
pollock,fish,pollock,
red_snapper,fish,snapper,red
roast_cod,fish,cod,roast
rockfish,fish,rockfish,
ruff_fish,fish,ruffey,
sanddabs,fish,sanddab,
sebass,fish,seabass,
shellfish,fish,shellfish,
shrimp,fish,shrimp,
smelt,fish,smelt,
smelts,fish,smelt,
smoked_salmon,fish,salmon,smoked
smoked_trout,fish,trout,smoked
snapper,fish,snapper,
swordfish,fish,swordfish,
talapia,fish,tilapia,
tilapia,fish,tilapia,
trout,fish,trout,
types_of_fish,fish,,
wallaye,fish,walleye,
wallayed_pike,fish,walleye,
walleye,fish,walleye,
walleyed_pike,fish,walleye,
whitefish,fish,white,
whiting,fish,whiting,
flan,flan,,
root_beer_floats,float,roastbeef,
rootbeer_floats,float,roastbeef,
flour,flour,,
flours,flour,,
flower,flour,,
flowers,flour,,
four,flour,,
rye_flour,flour,rye,
wheat_flour,flour,wheat,
white_flours,flour,,
foie_gras,foie,gras,
fondue,fondue,,
agricultural_food,food,agricultural,
american_food,food,American,
American_food,food,American,
American_foods,food,American,
animal_food,food,animal,
Asian,food,Asian,
Asian_food,food,Asian,
baby_food,food,baby,
backing_products,food,baking,
bad_food,food,bad,
bad_for_you,food,bad,
baked_food,food,baked,
baked_foods,food,baked,
baked_goods,food,baked,
barbecue,food,barbeque,
barbeque,food,barbeque,
barbeques,food,barbeque,
barbie,food,barbeque,
bird_food,food,bird,
birdseed,food,bird,
boiled,food,boiled,
Cajun,food,Cajun,
Cajun_food,food,Cajun,
can_food,food,canned,
canned,food,canned,
canned_food,food,canned,
canned_foods,food,canned,
canned_goods,food,canned,
canned_goods_of_any_type,food,canned,
canned_stuff,food,canned,
cannned_goods,food,canned,
chineese,food,chinese,
chineese_food,food,chinese,
chinese,food,chinese,
Chinese,food,chinese,
Chinese_cabbage,food,chinese,
chinese_food,food,chinese,
Chinese_food,food,chinese,
chinese_foods,food,chinese,
Chinese_foods,food,chinese,
cold_food,food,cold,
cooked,food,cooked,
Creole_food,food,Creole,
Czechoslovakian,food,Czechoslovakian,
Danish_food,food,Danish,
deep_fried_food,food,deep,fried
deep_fried_foods,food,deep,fried
dehydrated_food,food,dehydrated,
diabetic_food,food,diabetic,
diabetic_foods,food,diabetic,
diet_food,food,diet,
diet_foods,food,diet,
dogfood,food,dog,
dog_food,food,dog,
domestic_food,food,American,
dried_foods,food,dried,
dry_food,food,dried,
dry_good_foods,food,dried,
dry_goods,food,dried,
ethnic_food,food,ethnic,
ethnic_foods,food,ethnic,
fancy,food,fancy,
farm,food,farm,
fat,food,fat,
fat_free_products,food,fatfree,
fats,food,fat,
fatty_food,food,fat,
fatty_foods,food,fat,
festive,food,festive,
food,food,,
foods,food,,
foods_per_se,food,,
foods_that_are_prepared,food,cooked,
foods_that_are_raw,food,raw,
french,food,French,
French,food,French,
french_food,food,French,
French_food,food,French,
fresh,food,fresh,
fresh_food,food,fresh,
fresh_foods,food,fresh,
fresh_goods,food,fresh,
fried_food,food,fried,
fried_foods,food,fried,
fried_goods,food,fried,
frozen,food,frozen,
frozen_dinner,food,frozen,
frozen_dinners,food,frozen,
frozenfood,food,frozen,
frozen_food,food,frozen,
frozen_foods,food,frozen,
frozen_lunches,food,frozen,
garden,food,garden,
garden_fresh_things,food,garden,
garden_products,food,garden,
garden_vegetables,food,garden,
german,food,German,
German,food,German,
german_food,food,German,
German_food,food,German,
gourmet,food,gourmet,
gourmet_food,food,gourmet,
gourmet_foods,food,gourmet,
Greek,food,Greek,
grilled,food,grilled,
grilled_foods,food,grilled,
hawaiin,food,Hawaiian,
health_food,food,health,
healthy_food,food,health,
healthy_foods,food,health,
heart,food,health,
homemade,food,homemade,
homemade_canning_food,food,canned,
homemade_foods,food,homemade,
hotdish,food,hot,
hot_dish,food,hot,
hot_dishes,food,hot,
hot_food,food,hot,
Indian,food,Indian,
Indian_food,food,Indian,
irish,food,Irish,
Irish,food,Irish,
irish_food,food,Irish,
Irish_food,food,Irish,
italian,food,Italian,
Italian,food,Italian,
italian_food,food,Italian,
Italian_food,food,Italian,
italian_foods,food,Italian,
Italian_foods,food,Italian,
italin_food,food,Italian,
japaneese,food,Japanese,
Japanese,food,Japanese,
Japanese_food,food,Japanese,
japanese_foods,food,Japanese,
junk,food,junk,
junk_food,food,junk,
junk_foods,food,junk,
korean,food,korean,
Korean,food,korean,
Korean_food,food,korean,
latin_foods,food,latin,
lean_food,food,lean,
lebanese_food,food,lebanese,
low_cal,food,lowcalorie,
low_calorie_food,food,lowcalorie,
lunch,food,luncheon,
lunch?,food,luncheon,
luncheon_foods,food,luncheon,
lunch_food,food,luncheon,
lunch_meal,food,luncheon,
made_dishes,food,homecooked,
made_from_scratch_foods,food,homecooked,
manufactured_dry_food,food,manufactured,dry
Mediterranean,food,mediterranean,
mediterranean_food,food,mediterranean,
Mediterranean_style,food,mediterranean,
mexican,food,mexican,
Mexican,food,mexican,
mexican_food,food,mexican,
Mexican_food,food,mexican,
Mexican_foods,food,mexican,
microscopic_food,food,microscopic,
middle_eastern_food,food,middleeastern,
mineral_containing,food,mineralcontaining,
mineral_foods,food,mineralcontaining,
munchies,food,snack,
nationality_foods,food,foreign,
natural_food,food,natural,
non-snacking,food,notsnack,
northern,food,northern,
Norwegian,food,norwegian,
norwegian_food,food,norwegian,
Norwegian_food,food,norwegian,
nourishment,food,foreign,
ocean_foods,food,ocean,
organic,food,organic,
organic_food,food,organic,
organic_foods,food,organic,
oriental,food,oriental,
oriental_food,food,oriental,
oriental_foods,food,oriental,
packaged_foods,food,packaged,
Panerbread,food,restaurant,panera
persians,food,persian,
pickled_foods,food,pickled,
polish,food,polish,
Polish,food,polish,
polish_food,food,polish,
prepared,food,prepared,
prepared_food,food,prepared,
prepared_foods,food,prepared,
preserved_food,food,preserved,
processed_foods,food,processed,
quick_service_foods,food,quickservice,
restaurants,food,restaurant,
russian_food,food,russian,
sacred_foods,food,sacred,
salt_free_foods,food,saltfree,
salty,food,salty,
sauteed,food,sauteed,
Scandinavian_food,food,scandinavian,
seafood,food,seafood,
seafood_category,food,seafood,
seafood_I_should_say_seafood,food,seafood,
seafoods,food,seafood,
sefood,food,seafood,
sefoods,food,seafood,
Serbian_food,food,serbian,
side_dish,food,sidedish,
side_dishes,food,sidedish,
side_food,food,sidedish,
skillet_dinners,food,skillet,
snackfood,food,snack,
snack_food,food,snack,
snack_foods,food,snack,
snacking,food,snack,
snacks,food,snack,
snails,food,other,snail
snake,food,other,snake
sour_food,food,sour,
soy_products,food,soy,
soy_products_which_I_take,food,soy,
spanish_food,food,spanish,
Spanish_food,food,spanish,
Spanish_foods,food,spanish,
staples,food,staple,
starchy_foods,food,starchy,
steam,food,steamed,
store_bought,food,storebought,
supper,food,supper,
Swedish,food,swedish,
Swedish_food,food,swedish,
Sweedish_food,food,swedish,
sweet,food,sweet,
sweet_things,food,sweet,
swiss,food,swiss,
Swiss_food,food,swiss,
syrian_food,food,syrian,
tasty,food,tasty,
Tex-Mex,food,texmex,
thai_food,food,thai,
Thai_food,food,thai,
thai_foods,food,thai,
there's_animal_food,food,animal,
there's_plant_food,food,plant,
the_soy_based_products,food,soy,
the_whole_works,food,,
things_grown_in_the_ground,food,plant,
things_that_are_served,food,served,
tomato-based_foods,food,tomato,
uncooked,food,uncooked,
unhealthy_food,food,unhealthy,
unprepared_food,food,unprepared,
vegetarian,food,vegetarian,
vegetarian_food,food,vegetarian,
vegetarian_foods,food,vegetarian,
vitamin_containing,food,vitamincontaining,
wet_food,food,wet,
whole_grain_foods,food,wholegrain,
whole_grains,food,wholegrain,
whole-grains,food,wholegrain,
whole_wheat,food,wholewheat,
whole-wheat,food,wholewheat,
whole_wheat_bran,food,wholewheat,
whole_wheats,food,wholewheat,
wholsome_food,food,wholesome,
foods_that_come_from_grain,foods,grain,
formula,formula,,
all_different_kinds_of_foul,foul,,
bird,fowl,,
birds,fowl,,
foul,fowl,,
fowl,fowl,,
fowl_birds,fowl,,
fowl_to_be_enjoyed,fowl,,
game_birds,fowl,,
grouse,fowl,grouse,
heron,fowl,heron,
herons,fowl,heron,
Hungarian_partridge,fowl,partridge,
quail,fowl,quail,
squab,fowl,squab,
wildfowl,fowl,,
wild_game,fowl,,
foot_long_hotdogs,frankfurter,,
frankfurter,frankfurter,,
frankfurters,frankfurter,,
hod_dogs,frankfurter,,
hot,frankfurter,,
hotdog,frankfurter,,
hot_dog,frankfurter,,
hot-dog,frankfurter,,
hotdogs,frankfurter,,
hot_dogs,frankfurter,,
hot-dogs,frankfurter,,
wiener,frankfurter,,
wieners,frankfurter,,
frappe,frappe,,
french_toast,frenchtoast,,
French_toast,frenchtoast,,
fried,fried,,
american_fries,fries,American,
American_fries,fries,American,
curly_cues,fries,curly,
French_fires,fries,French,
french_fried_potatoes,fries,French,
French_fried_sweet_potatoes,fries,French,
frenchfries,fries,French,
french_fries,fries,French,
french-fries,fries,French,
french_fries,fries,French,
French_fries,fries,French,
french_fry,fries,French,
fried_potatoes,fries,French,
fries,fries,French,
frittata,frittata,,
frittatas,frittata,,
friatas,frittatas,,
fritter,fritter,,
fritters,fritter,,
frog_legs,frog,leg,
frogs,frog,leg,
cakefrosting,frosting,,
frosted_spread,frosting,,
frosting,frosting,,
frostings,frosting,,
icing,frosting,,
all_kindas_of_fruit,fruit,,
all_kinds_of_fruit,fruit,,
all_sorts_of_fruits,fruit,,
all_the_different_fruits,fruit,,
all_the_different_meats,fruit,,
all_the_fruit_categories,fruit,,
all_the_fruit_products,fruit,,
all_the_fruits,fruit,,
any_kind_of_fruit,fruit,,
canned_fruit,fruit,canned,
canned_fruits,fruit,canned,
cherimoyas,fruit,cherimoyas,
citrus_fruits,fruit,citrus,
different_fruits,fruit,,
different_kinds_of_fruit,fruit,,
different_kinds_of_fruits,fruit,,
dried_fruit,fruit,,
fresh_fruit,fruit,,
fruit,fruit,,
fruit_cocktail,fruit,,
fruits,fruit,,
fruits_and_vegetables,fruit,,
fruittrifle,fruit,,
fruit_which_you_can_eat,fruit,,
jackfruit,fruit,,
kiwi,fruit,kiwi,
kiwifruit,fruit,kiwi,
kiwi_fruit,fruit,kiwi,
kiwi_fruits,fruit,kiwi,
kiwis,fruit,kiwi,
kumkwats,fruit,kumquat,
kumquat,fruit,kumquat,
kumquats,fruit,kumquat,
loquat,fruit,loquat,
loquats,fruit,loquat,
mango,fruit,mango,
mangoes,fruit,mango,
mangos,fruit,mango,
mellons,fruit,melon,
melon,fruit,melon,
melons,fruit,melon,
melons_of_all_kinds,fruit,melon,
melons_the_different_kinds,fruit,melon,
mixed_fruit,fruit,mixed,
mulberries,fruit,mulberry,
mush_melon,fruit,muskmelon,
muskmellon,fruit,muskmelon,
musk_mellons,fruit,muskmelon,
muskmelon,fruit,muskmelon,
musk_melon,fruit,muskmelon,
muskmelons,fruit,muskmelon,
nectarine,fruit,nectarine,
nectarines,fruit,nectarine,
necterines,fruit,nectarine,
Northland_raspberry,fruit,raspberry,northland
papaya,fruit,papaya,
papayas,fruit,papaya,
papya,fruit,papaya,
passion_fruit,fruit,passionfruit,
pear,fruit,pear,
pears,fruit,pear,
pearts,fruit,pear,
pineapple,fruit,pineapple,
pineapples,fruit,pineapple,
pinepapples,fruit,pineapple,
pinneaples,fruit,pineapple,
pinneapples,fruit,pineapple,
plantain,fruit,plantain,
plantains,fruit,plantain,
pomegranate,fruit,pomegranate,
pomegranates,fruit,pomegranate,
pomegranite,fruit,pomegranate,
quince,fruit,quince,
rasberries,fruit,raspberry,
raspberries,fruit,raspberry,
raspberrry,fruit,raspberry,
raspberry,fruit,raspberry,
seberries,fruit,seaberry,
star_fruit,fruit,starfruit,
sugar_melons,fruit,sugarmelon,
tangarines,fruit,tangerine,
tangelo,fruit,tangelo,
tangelos,fruit,tangelo,
tangerine,fruit,tangerine,
tangerines,fruit,tangerine,
the_fruits,fruit,,
the_other_seeded_fruits,fruit,,
well_you_could_have_fruits,fruit,,
fry_cakes,fry,cakes,
fudge,fudge,,
fudge_bars,fudge,,
hot_fudge,fudge,,
garlic,garlic,,
garlics,garlic,,
gelatin,gelatin,,
gelatins,gelatin,,
ginger,ginger,,
giraffe,giraffe,,
turkey_gizzards,gizzard,turkey,
goat,goat,,
cheesy_gorditcrunches,gordita,,
gorilla,gorilla,,
goulash,goulash,,
gulag,goulash,,
grain,grain,,
grains,grain,,
polenta,grain,polenta,
sorghum,grain,sorghum,
spelt,grain,spelt,
spelts,grain,spelt,
whole_grain,grain,,
granola,granola,,
grape,grape,,
grapes,grape,,
graps,grape,,
green_grapes,grape,,
red_grapes,grape,red,
stuffed_grape_leaves,grape,leaves,stuffed
grapefruit,grapefruit,,
grape_fruit,grapefruit,,
grapefruits,grapefruit,,
grapefuit,grapefruit,,
grapfruit,grapefruit,,
red_grapefruit,grapefruit,,
grass,grass,,
grasses,grass,,
gravey,gravey,,
gravies,gravey,,
gravy,gravey,,
collard_greens,greens,collard,
collards,greens,collard,
dandelion_greens,greens,dandelion,
dandelions,greens,dandelion,
field_greens,greens,,
green,greens,,
green_leaf,greens,,
green_leafy_things,greens,,
green_products,greens,,
greens,greens,,
grits,grits,,
gruel,gruel,,
guacamole,guacamole,,
guanabana,guanabana,,
guava,guava,,
guavas,guava,,
guineas,guineas,,
bubble_gum,gum,,
chewable,gum,,
chewies,gum,,
chewing_gum,gum,,
gum,gum,,
gyro,gyros,,
gyros,gyros,,
gyro_sandwich,gyros,,
baked_ham,ham,baked,
fresh_ham,ham,,
ham,ham,,
ham_and_eggs,ham,,
ham_bone,ham,,
ham_hot,ham,,
hams,ham,,
ham_steak,ham,,
hocks,ham,,
minced_ham,ham,minced,
sliced_ham,ham,,
burgers,hamburger,,
cheeseburger,hamburger,cheese,
cheeseburgers,hamburger,cheese,
cheese_burgers,hamburger,cheese,
great_thick_burger_with_,hamburger,,
hambuger,hamburger,,
hamburger,hamburger,,
hamburger_gravy,hamburger,,
hamburgers,hamburger,,
hamburger_with_cheese,hamburger,,
hamburges,hamburger,,
hamburgs,hamburger,,
hanburger,hamburger,,
hmaburger,hamburger,,
quarter_pounder_hamburger,hamburger,quarterpound,
Spanish_hamburgers,hamburger,spanish,
venison_hamburger,hamburger,venison,
hasbrowns,hashbrown,,
hash,hashbrown,,
hashbrown_potatoes,hashbrown,,
hashbrowns,hashbrown,,
hash_browns,hashbrown,,
hay,hay,,
headcheese,headcheese,,
pickled_heart,heart,pickled,
hearts_of_palm,hearts,of,palm
certain_herbs,herb,,
herbs,herb,,
marjoram,herb,marjoram,
marjorum,herb,marjoram,
salsify,herb,salsify,
taragon,herb,taragon,
tarragon,herb,taragon,
thyme,herb,thyme,
watercress,herb,watercress,
watercrest,herb,watercress,
pickled_herring,herring,pickled,
hippopotamus,hippopotamus,,
honey,honey,,
hors_derves,horsdevours,,
hors_devoures,horsdevours,,
hors_d'oeuvre,horsdevours,,
hors_doeuvres,horsdevours,,
hors_d'oeuvres,horsdevours,,
horsd'oeuvres,horsdevours,,
hors_d'ouvres,horsdevours,,
horseradish,horseradish,,
horse_radish,horseradish,,
hot_chocolate,hotchocolate,,
hot_coca,hotchocolate,,
hot_cocoa,hotchocolate,,
hummas,hummus,,
humus,hummus,,
ice,ice,,
bananas_with_ice_cream,icecream,bananasplit,
banansplit,icecream,bananasplit,
banansplits,icecream,bananasplit,
chocolate_ice-cream,icecream,chocolate,
chocolate_sundae,icecream,chocolate,
cone,icecream,cone,
cones,icecream,cone,
different_kinds_of_ice_cream,icecream,,
hot_fudge_sundaes,icecream,sundae,
icecream,icecream,,
ice_cream,icecream,,
ice-cream,icecream,,
Ice_cream,icecream,,
ice-cream_bar,icecream,,
ice_cream_bars,icecream,,
ice-cream_bars,icecream,,
icecream_bars,icecream,,
ice_cream_cone,icecream,cone,
ice-cream_cone,icecream,cone,
ice_cream_cones,icecream,cone,
ice-cream_cones,icecream,cone,
ice_cream_for_the_pie,icecream,,
ice_creams,icecream,,
ice-creams,icecream,,
ice_cream_sandwich,icecream,,
ice_cream_sandwiches,icecream,,
ice_cream_sundaes,icecream,sundae,
ice-cream_sundaes,icecream,sundae,
ice_cream_that_you_caneat,icecream,,
ice-cream_toppings,icecream,,
mochi,icecream,mochi,
softserve_ice-cream,icecream,,
spumoni,icecream,spumoni,
strawberry_ice-cream,icecream,strawberry,
jagerschnitzel,jagerschnitzel,,
blueberry_jam,jam,blueberry,
jam,jam,,
jams,jam,,
raspberry_jam,jam,raspberry,
strawberry_jam,jam,strawberry,
jambalaya,jambalaya,,
cherry_Jell-O,Jello,cherry,
different_type_of_Jellos,Jello,,
jello,Jello,,
Jello,Jello,,
Jell-O,Jello,,
jellos,Jello,,
Jellos,Jello,,
jellies,jelly,,
jelly,jelly,,
strawberry_jelly,jelly,strawberry,
beef_jerkey,jerky,beef,
beef_jerkeys,jerky,beef,
beef_jerky,jerky,beef,
beef_stick,jerky,beef,
beef_sticks,jerky,beef,
jerky,jerky,,
hickama,Jicama,,
jicama,jicama,,
any_kinds_of_juices,juice,,
any_other_juice,juice,,
apple_juice,juice,apple,
carrot_juice,juice,carrot,
cherry_juice,juice,cherry,
cranberry_juice,juice,cranberry,
fruit_drinks,juice,,
fruit_juice,juice,,
fruit_juices,juice,,
fruit_punch,juice,,
grapefruit_juice,juice,grapefruit,
grape_juice,juice,grape,
guavjuice,juice,guava,
juice,juice,,
juice_bars,juice,,
juices,juice,,
lemon_juice,juice,lemon,
oj,juice,orange,
orange_jucie,juice,orange,
orangejuice,juice,orange,
orange_juice,juice,orange,
pineapple_juice,juice,pineapple,
pomegranate_juice,juice,pomegranate,
prune_juice,juice,prune,
prunes,juice,prune,
the_juices,juice,,
tomato_juice,juice,tomato,
v8,juice,vegetable,
V-8,juice,vegetable,
V8_juice,juice,vegetable,
vegetable_drinks,juice,vegetable,
vegetable_juice,juice,vegetable,
vegetables_juice,juice,vegetable,
kail,kale,,
kale,kale,,
kamut,kamut,,
catsup,ketchup,,
ketchup,ketchup,,
ketchups,ketchup,,
kethcup,ketchup,,
kidney,kidney,,
kidneys,kidney,,
keilbasa,kielbasa,,
kielbasa,kielbasa,,
kit-kats,kit-kat,,
kitsch,kitsch,,
Kix,kix,mix,
Kix_Mix,kix,mix,
knackwurst,knackwurst,,
collarabi,kohlrabi,,
kohlrabi,kohlrabi,,
kohlrabies,kohlrabi,,
kohlrabis,kohlrabi,,
kolhrabi,kohlrabi,,
koolaid,koolaid,,
kool_aid,koolaid,,
kool-aid,koolaid,,
Kool-aid,koolaid,,
Kool_Aid,koolaid,,
cumquat,kumquat,,
cumquats,kumquat,,
lafza,lafza,,
lamb,lamb,,
lamb_chop,lamb,chop,
lambchops,lamb,chop,
lamb_chops,lamb,chop,
lampchops,lamb,chop,
lamp_chops,lamb,chop,
leg_of_lamb,lamb,leg,
rack_of_lamb,lamb,rack,
lard,lard,,
lasagna,lasagna,,
lasagnas,lasagna,,
lasagne,lasagna,,
lazanga,lasagna,,
red_leaf,leaf,red,
leaf,leaves,,
leaves,leaves,,
leeches,leeches,,
leak,leek,,
leaks,leek,,
leek,leek,,
leeks,leek,,
leftovers,leftovers,,
legs,legs,,
legume,legume,,
legumes,legume,,
legums,legume,,
legunes,legume,,
lemmons,lemon,,
lemon,lemon,,
lemon_drops,lemon,drops,
lemons,lemon,,
lemonade,lemonade,,
bibb_lettuce,lettuce,,
head_lettuce,lettuce,,
iceberg_lettuce,lettuce,,
lettuce,lettuce,,
lettuces,lettuce,,
romaine,lettuce,romaine,
romaine_lettuce,lettuce,romaine,
romaines,lettuce,romaine,
various_lettuces,lettuce,,
licorice,licorice,,
Lifesaver,lifesavers,,
lifesavers,lifesavers,,
Lifesavers,lifesavers,,
limburger,limburger,cheese,
limburger_cheese,limburger,cheese,
lime,lime,,
limes,lime,,
lims,lime,,
limeade,limeade,,
lingonberries,lingonberry,,
lingonberry,lingonberry,,
linguine,linguine,,
linguini,linguine,,
lipids,lipids,,
liquid_refreshment,liquid,,
liquids,liquid,,
various_types_of_liquids,liquid,,
licquor,liquor,,
liquor,liquor,,
beef_liver,liver,beef,
braunschweiger,liver,Braunschweiger,
Braunschweiger,liver,Braunschweiger,
calves'_liver,liver,,
chicken_liver,liver,chicken,
fried_liver,liver,,
liver,liver,,
livers,liver,,
liver_and_onions,liverandonions,,
liverwurst,liverwurst,,
llama,llama,,
loaf,loaf,,
lobster,lobster,,
lobsters,lobster,,
lobster_tail,lobster,tail,
logan_berries,loganberry,,
loins,loins,,
lollipops,lollipops,,
lumpia,lumpia,,
cheese_and_macaroni,macaroni,and,cheese
mac_and_cheese,macaroni,cheese,
macaroni,macaroni,,
macaroniandcheese,macaroni,,
macaroni_and_cheese,macaroni,cheese,
macaroniand_cheese,macaroni,cheese,
MacaroniandCheese,macaroni,cheese,
macaroni_dishes,macaroni,,
macaronis,macaroni,,
macaronis_or_pastas,macaroni,,
macaronni,macaroni,,
maccaroni,macaroni,,
maccaroni_and_cheese,macaroni,cheese,
macorini_and_cheese,macaroni,cheese,
macaroon,macaroon,,
macaroons,macaroon,,
main_courses,maincourse,,
main_dish,maindish,,
maize,maize,,
maple,maple,,
margarine,margarine,,
margerine,margarine,,
oleo,margarine,oleo,
Oleo,margarine,oleo,
olio,margarine,oleo,
marmalade,marmalade,,
orange_marmalade,marmalade,orange,
marshmallow,marshmallow,,
marshmallow_candy,marshmallow,,
marshmallows,marshmallow,,
marshmellos,marshmallow,,
marshmellow,marshmallow,,
marshmellows,marshmallow,,
mashmellows,marshmallow,,
maynoise,mayonnaise,,
maynoisse,mayonnaise,,
mayo,mayonnaise,,
mayonaise,mayonnaise,,
mayonnaise,mayonnaise,,
McDonalds,mcdonalds,,
MREs,"meal,readytoeat",,
adanamy,meat,other,adanamy
all_different_kinds_of_meat,meat,,
all_meats,meat,,
all_the_meats,meat,,
all_the_meats_of_course,meat,,
animals,meat,,
animals_that_turn_into_meat,meat,,
antelope,meat,other,antelope
antelope_meat,meat,other,antelope
baked_meats,meat,,
bear,meat,other,bear
bear_meat,meat,other,bear
bear_meet,meat,other,bear
beaver,meat,other,beaver
bison,meat,buffalo,
boar,meat,other,boar
bobcats,meat,other,bobcat
bowheads,meat,other,bowhead
browned_meat,meat,browned,
buffalo_meat,meat,buffalo,
buffao_meat,meat,buffalo,
canned_meats,meat,canned,
captured_food,meat,,
caribou,meat,other,caribou
caribous,meat,other,caribou
chop,meat,chop,
chop_meat,meat,chop,
chopped_meat,meat,chop,
chopped_meats,meat,chop,
chops,meat,chop,
coon,meat,other,racoon
coyotes,meat,other,
cutlets,meat,other,
deer,meat,deer,
deer_meat,meat,deer,
different_kinds_of_meat,meat,,
different_kinds_of_meats,meat,,
different_meats,meat,,
elk,meat,other,
elk_meat,meat,other,
emu,meat,other,
fatty_meat,meat,,
foods_like_meats,meat,,
game,meat,,
geese,meat,,
giblets,meat,,
goat_meat,meat,,
goose,meat,,
ground,meat,ground,
ground_beef,meat,ground,
ground_chuck,meat,ground,
ground_meat,meat,ground,
ground_steak,meat,ground,
hamburger_helper,meat,ground,
hamburger_helpers,meat,ground,
hamburger_meat,meat,ground,
horse,meat,other,
horse_meat,meat,other,
horses,meat,other,
hot_meats,meat,,
I_guess_meat,meat,,
I_like_not_to_much_meat,meat,,
I_said_meats_already,meat,,
kangaroo,meat,other,kangaroo
lamb_meat,meat,lamb,
lean_meat,meat,lean,
lion,meat,other,lion
lions,meat,other,lion
lucheon_meats,meat,luncheon,
luncheon_meat,meat,luncheon,
luncheon_meats,meat,luncheon,
lunchmeat,meat,luncheon,
lunch_meat,meat,luncheon,
lunchmeats,meat,luncheon,
lunch_meats,meat,luncheon,
lynx,meat,other,lynx
mammals,meat,other,mammals
meat,meat,,
meat_category,meat,,
meat_different_types_of_meat,meat,,
meat_dishes,meat,,
meats,meat,,
meats_kinds_of_meats,meat,,
meats_of_all_kinds,meat,,
meats_that_you_can_eat,meat,,
meet,meat,,
mice,meat,other,mouse
migratoryfowl,meat,other,migratoryfowl
minced_meat,meat,minced,
mince_meat,meat,minced,
monkey,meat,other,monkey
moose,meat,other,moose
moose_meat,meat,other,moose
mountain_lion,meat,other,mountainlion
mountain_lions,meat,other,mountainlion
mouse,meat,other,mouse
mutton,meat,mutton,
new_york_steak,meat,steak,newyork
new_york_strip_steak,meat,steak,strip
octopus,meat,other,octopus
ostrich,meat,other,ostrich
oyster,meat,other,oyster
oysters,meat,other,oyster
partridge,meat,other,partridge
pastrami,meat,pastrami,
pate,meat,pate,
pen_steak,meat,steak,pen
pheasant,meat,other,pheasants
pheasants,meat,other,pheasants
phesant,meat,other,pheasants
pig,meat,pig,
pigeon,meat,other,pidgeon
pig_meat,meat,pig,
plankton,meat,other,plankton
racoon,meat,other,racoon
raw_meats,meat,raw,
red_meat,meat,red,
red_meats,meat,red,
roast_beaver,meat,other,beaver
rumaki,meat,rumaki,
sandwhich_meat,meat,sandwich,
sandwich_meat,meat,sandwich,
scrapple,meat,scrapple,
seal,meat,other,seal
shark,meat,other,shark
sharp-tailed_grouse,meat,other,sharptailedgrouse
Sheboygan_bratwurst,meat,bratwurst,sheboygan
sheep,meat,other,sheep
skunk,meat,other,skunk
sliced_meat,meat,,
sliced_meats,meat,,
Slim_Jims,meat,slimjim,
spanish_hare,meat,other,hare
squid,meat,other,squid
squirrel,meat,other,squirrel
squirrels,meat,other,squirrel
squirrles,meat,other,squirrel
stroganoff,meat,stroganoff,
sturgeon,meat,other,sturgeon
tiger,meat,other,tiger
tigers,meat,other,tiger
turtle,meat,other,turtle
turtles,meat,other,turtle
types_of_meat,meat,,
various_animals,meat,,
various_kinds_of_meat,meat,,
well-done,meat,welldone,
well_there's_meat,meat,,
white_meat,meat,white,
meatball,meatball,,
meatballs,meatball,,
meat_balls,meatball,,
meatloaf,meatloaf,,
meat_loaf,meatloaf,,
meat_sticks,meatsticks,,
medicine,medicine,,
casaba,melon,honeydew,
casabas,melon,honeydew,
casabmelons,melon,honeydew,
crenshaw,melon,crenshaw,
honeydew,melon,honeydew,
honey_dew,melon,honeydew,
honeydew_mellons,melon,honeydew,
honey_dew_melon,melon,honeydew,
honeydew_melon,melon,honeydew,
honeydews,melon,honeydew,
meringue,meringue,,
meringues,meringue,,
caD_milk,milk,,
chocolate_milk,milk,chocolate,
goat_milk,milk,goat,
malted_milk,milk,malted,
malted_milks,milk,malted,
mik,milk,,
milk,milk,,
milke,milk,,
milks,milk,,
organic_milk,milk,organic,
rice_milk,milk,rice,
skim_milk,milk,skim,
sour_milk,milk,sour,
soy_milk,milk,soy,
two_percent_milk,milk,twopercent,
white_milk,milk,,
whole_milk,milk,whole,
milk_product,milkproduct,,
milk_products,milkproduct,,
milkshake,milkshake,,
milk_shake,milkshake,,
milkshakes,milkshake,,
milk_shakes,milkshake,,
millet,millet,,
millets,millet,,
mineral,mineral,,
minerals,mineral,,
minestrone,minestrone,,
minestroni,minestrone,,
mint,mint,,
mints,mint,,
miracle_whip,miraclewhip,,
Miracle_Whip,miraclewhip,,
mirclewhip,miraclewhip,,
mircle_whip,miraclewhip,,
molasses,molasses,,
chocolate_mousse,mousse,chocolate,
blueberry_muffins,muffin,blueberry,
cornmeal_muffins,muffin,cornmeal,
morels,mushroom,morel,
mushroom,mushroom,,
mushrooms,mushroom,,
mussel,mussel,,
mussels,mussel,,
mustard,mustard,,
mustard_greens,mustard,greens,
nachos,nacho,,
nectars,nectar,,
korean_noodle,noodle,korean,
noddles,noodle,,
noodle,noodle,,
noodles,noodle,,
nooldes,noodle,,
pad_thai,noodle,padthai,
ramen_noodles,noodle,ramen,
rice_noodles,noodle,rice,
spaetzle,noodle,spaetzle,
spatzle,noodle,spaetzle,
spitzel,noodle,spaetzle,
chinese_noodle,noodles,chinese,
chinese_noodles,noodles,chinese,
egg_noodles,noodles,egg,
all_kinds_of_nuts,nut,,
almond,nut,almond,
almonds,nut,almond,
any_kind_of_nuts,nut,,
assorted_nuts,nut,,
brazil_nut,nut,Brazil,
brazil_nuts,nut,Brazil,
Brazil_nuts,nut,Brazil,
casherws,nut,cashew,
cashew,nut,cashew,
cashews,nut,cashew,
chesnuts,nut,chest,
filberts,nut,filbert,
groundnuts,nut,,
hazelnuts,nut,hazel,
hazel_nuts,nut,hazel,
hickory_nut,nut,hickory,
hickory_nuts,nut,hickory,
macadaminuts,nut,macadamia,
nut,nut,,
nuts,nut,,
nuts_of_all_kinds,nut,,
nuts_of_various_types,nut,,
pine_nut,nut,pine,
pine_nuts,nut,pine,
pine-nuts,nut,pine,
pistachio,nut,pistachio,
pistachio_nuts,nut,pistachio,
pistachios,nut,pistachio,
pistachio_salads,nut,pistachio,
soy_nuts,nut,soy,
nutmeg,nutmeg,,
nutrolls,nutrolls,,
oatmeal,oatmeal,,
oat_meal,oatmeal,,
oatmeals,oatmeal,,
oat,oats,,
oats,oats,,
cooking_oil,oil,,
cooking_oils,oil,,
flax_seed_oil,oil,flax,
oil,oil,,
oils,oil,,
olive,oil,olive,
olive_oil,oil,olive,
peanut_oil,oil,peanut,
safflower_oil,oil,safflower,
sunflower_oil,oil,sunflower,
vegetable_oil,oil,vegetable,
vegetable_oils,oil,vegetable,
ochra,okra,,
ocra,okra,,
okra,okra,,
okrey,okra,,
ripe_olives,olice,ripe,
black_olives,olive,black,
greek_olives,olive,Greek,
green_olives,olive,green,
olives,olive,,
tapenade,olive,tapenade,
omelet,omelet,,
omelets,omelet,,
omelette,omelet,,
omelettes,omelet,,
omletes,omelet,,
omlets,omelet,,
brown_onions,onion,,
French_fried_onions,onion,fried,
frozen_onions,onion,,
green_onion,onion,green,
green_onions,onion,green,
Hawaiian_onions,onion,Hawaiian,
onion,onion,,
onions,onion,,
red_onion,onion,red,
red_onions,onion,red,
unions,onion,,
vidalionions,onion,vidalia,
white_onion,onion,,
white_onions,onion,,
yellow_onions,onion,yellow,
onion_rings,onionring,,
Bermudonions,onions,Bermuda,
stewed_onions,onions,stewed,
clementine_oranges,orange,clementine,
clementines,orange,clementine,
mandarin_oranges,orange,mandarin,
Mandarin_oranges,orange,mandarin,
navel_oranges,orange,navel,
orange,orange,,
oranges,orange,,
orange's,orange,,
orange_slices,orange,,
organges,orange,,
organic_oranges,orange,organic,
orranges,orange,,
oregano,oregano,,
oregeno,oregano,,
ovaltine,ovaltine,,
bisquick,pancake,,
Bisquick,pancake,,
blueberry_pancakes,pancake,blueberry,
flapjack,pancake,,
flapjacks,pancake,,
pancake,pancake,,
pancake_mix,pancake,,
pancakes,pancake,,
paprika,paprika,,
parfait,parfait,,
parsely,parsley,,
parsley,parsley,,
parsnip,parsnip,,
parsnips,parsnips,,
angel_hair,pasta,angel,hair
any_pastas,pasta,,
cacciatorie,pasta,cacciatore,
chicken_cacciatore,pasta,cacciatore,chicken
chicken_catchetori,pasta,cacciatore,chicken
chicken_catetori,pasta,cacciatore,chicken
manicotti,pasta,manicotti,
mostaccioli,pasta,mostaccioli,
mostacholi,pasta,mostaccioli,
other_pastas,pasta,other,
panne_pasta,pasta,panne,
pasta,pasta,,
pastas,pasta,,
pastbijole,pasta,bajole,
pastitsio,pasta,pastitsio,
pastizio,pasta,pastitsio,
penne,pasta,penne,
rigatoni,pasta,rigatoni,
rotini,pasta,rotini,
rottini,pasta,rotini,
tortellini,pasta,tortellini,
tomato_paste,paste,tomato,
different_type_of_pastries,pastery,,
Bismarck,pastry,bismarck,
bismarcks,pastry,bismarck,
bismark,pastry,bismarck,
blintzes,pastry,blintz,
breakfast_rolls,pastry,roll,
cannoli,pastry,cannoli,
canoloil,pastry,cannoli,
cream_puffs,pastry,puff,
danish,pastry,danish,
Danish_pastries,pastry,danish,
danish_rolls,pastry,danish,
eclairs,pastry,eclairs,
pastries,pastry,,
pastry,pastry,,
black_eyed_peas,pea,black,eyed
canned_peas,pea,canned,
Can_of_peas,pea,canned,
chickpeas,pea,chick,
chick_peas,pea,chick,
chinese_peas,pea,chinese,
cream_peas,pea,cream,
dried_peas,pea,,
frozen_peas,pea,,
green_peas,pea,,
pea,pea,,
peas,pea,,
peas_of_all_kinds,pea,,
pepod,pea,,
pepods,pea,,
snap_peas,pea,snap,
snow_peas,pea,snow,
stringbeans,pea,string,
sweet_peas,pea,sweet,
peach,peach,,
peaches,peach,,
peanut,peanut,,
peanuts,peanut,,
peanuts_or_nuts,peanut,,
peanut_better,peanutbutter,,
peanut_butte,peanutbutter,,
peanutbutter,peanutbutter,,
peanut_butter,peanutbutter,,
peanut-butter,peanutbutter,,
peanutbutters,peanutbutter,,
peacans,pecan,,
pecan,pecan,,
pecans,pecan,,
all_colored_peppers,pepper,bell,
bell_pepper,pepper,bell,
bell_peppers,pepper,bell,
cayenne,pepper,cayenne,
green_and_red_bell_peppers,pepper,bell,
green)bean,pepper,bell,
green_pepers,pepper,bell,
green_pepper,pepper,bell,
green_peppers,pepper,bell,
green_peppes,pepper,bell,
gree_peppers,pepper,bell,
ground_pepper,pepper,ground,
jalapano_peppers,pepper,jalapeno,
jalapeno_pepper,pepper,jalapeno,
jalapeno_peppers,pepper,jalapeno,
jalapenos,pepper,jalapeno,
jalapeÂ¤o_peppers,pepper,jalapeno,
jalepenos,pepper,jalapeno,
orange_pepper,pepper,orange,
orange_peppers,pepper,orange,
pepper,pepper,,
pepperoncini,pepper,pepperoncini,
peppers,pepper,,
peppers_hot,pepper,hot,
peppers_regular,pepper,regular,
red_pepper,pepper,red,
red_peppers,pepper,red,
saltpepper,pepper,salt,
stuffed_peppers,pepper,stuffed,
sweet_pepper,pepper,sweet,
sweet_peppers,pepper,sweet,
yellow_pepper,pepper,bell,
yellow_peppers,pepper,bell,
peppermint,peppermint,,
pepperoni,pepperoni,,
perch,perch,,
persimmon,persimmon,,
persimmons,persimmon,,
piccalilli,piccalilli,,
pickerel,pickerel,,
dill_pickels,pickle,dill,
dill_pickle,pickle,dill,
dill_pickles,pickle,dill,
pickels,pickle,,
pickle,pickle,,
pickles,pickle,,
picklerelish,picklerelish,,
pickle_relish,picklerelish,,
apple_pie,pie,apple,
apple_pies,pie,apple,
applie_pie,pie,apple,
banancream,pie,bananacream,
banancream_torte,pie,bananacream,
bananpie,pie,banana,cream
berry_pies,pie,berry,
blueberry_pie,pie,blueberry,
cherry_pie,pie,cherry,
cherry_pies,pie,cherry,
chocolate_cream_pie,pie,chocolate,
chocolate_pie,pie,chocolate,
cream_pie,pie,cream,
custard_pie,pie,custard,
different_type_of_pie,pie,,
dutch_apple_pie,pie,apple,
fried_pies,pie,,
good_blackberry_pie,pie,blackberry,
key_lime,pie,keylime,
key_lime_pie,pie,keylime,
key_limes,pie,keylime,
lemon_merengue,pie,meringue,lemon
lemon_meringue_pie,pie,meringue,lemon
lemon_pie,pie,lemon,
lemon_pies,pie,lemon,
lot_of_pies,pie,,
meringue_pie,pie,meringue,
mincemeat_pie,pie,mincemeat,
mince_pie,pie,mincemeat,
pasties,pie,meat,pasty
pasty,pie,meat,pasty
peach_pie,pie,peach,
pecan_pie,pie,pecan,
pie,pie,,
pie_lmode,pie,alamode,
pies,pie,,
pumpking_pie,pie,pumpkin,
pumpkin_pie,pie,pumpkin,
pumpkin_pies,pie,pumpkin,
raspberry_pie,pie,raspberry,
rhubarb_pie,pie,rhubarb,
spaghetti_pie,pie,spaghetti,
strawberry_pie,pie,strawberry,
pig_feet,pig,feet,
pig_knuckles,pig,knuckles,
pigs,pig,,
pigs_feet,pig,feet,
pigs_in_blanket,pigsinablanket,,
rice_pilaf,pilaf,rice,
pimento,pimento,,
pimentos,pimento,,
have_pineapple,pineapple,,
frozen_pizza,pizza,,
love_pizza,pizza,,
pizza,pizza,,
pizzas,pizza,,
pizzof_any_kind,pizza,,
pizzpie,pizza,,
we_have_pizza,pizza,,
plants,plant,,
plum,plum,,
plumbs,plum,,
plums,plum,,
pop,pop,,
pops,pop,,
pops_of_all_sorts,pop,,
regular_pop,pop,,
soda,pop,,
sodas,pop,,
sodof_all_kinds,pop,,
sodpop,pop,,
sodpops,pop,,
sodwater,pop,,
soft_drink,pop,,
soft_drinks,pop,,
sprite,pop,sprite,
Sprite,pop,sprite,
cool_pops,popcicle,,
cream-sicles,popcicle,,
Dreamsicles,popcicle,,
fruit_pops,popcicle,,
fudgesicles,popcicle,,
fudgsicles,popcicle,,
popsicle,popcicle,,
Popsicle,popcicle,,
popsicles,popcicle,,
Popsicles,popcicle,,
caramel_corn,popcorn,caramel,
carmelcorn,popcorn,caramel,
carmel_corn,popcorn,caramel,
popcorn,popcorn,,
pop_corn,popcorn,,
popovers,popover,,
poppers,popper,,
poppyseed,poppyseed,,
poppy_seeds,poppyseed,,
poptarts,poptarts,,
Pop_Tarts,poptarts,,
carnitas,pork,carnitas,
fried_pork,pork,,
grilled_chops,pork,,
hog,pork,,
individual_porkchops,pork,,
osso_buco,pork,ossobuco,
pork,pork,,
pork_chips,pork,chop,
porkchop,pork,chop,
pork_chop,pork,chop,
pork-chop,pork,chop,
porkchops,pork,chop,
pork_chops,pork,chop,
pork-chops,pork,chop,
pork_cutlets,pork,cutlet,
pork_hocks,pork,hock,
pork_lions,pork,loin,
pork_loin,pork,loin,
pork_loins,pork,loin,
pork_meat,pork,,
pork_patties,pork,patty,
pork_rib,pork,rib,
pork_rinds,pork,rind,
pork_shops,pork,chop,
pork_steak,pork,steak,
pork_steaks,pork,steak,
pork_tenderloin,pork,tenderloin,
prok_chops,pork,chop,
pulled_pork,pork,pulled,
roast_pig,pork,roast,
roast_pork,pork,roast,
shoulder,pork,shoulder,
shoulder_cuts,pork,shoulder,
side_pork,pork,,
smoked_butt,pork,butt,smoked
smoked_ham_hocks,pork,hock,smoked
stuffed_pork_chops,pork,chop,stuffed
sweet_and_sour_pork,pork,sweetandsour,
well_there's_pork_for_food,pork,,
pork_and_beans,porkandbeans,,
pork_beans,porkandbeans,,
Pork__Beans,porkandbeans,,
porridge,porridge,,
au_gratin,potato,au,gratin
au_gratin_potatoes,potato,au,gratin
baked_poatoes,potato,baked,
baked_potaotes,potato,baked,
baked_potato,potato,baked,
baked_potatoes,potato,baked,
boiled_potatoes,potato,boiled,
fingerling_potatoes,potato,,
fried_potato,potato,,
gold_potatoes,potato,gold,
idaho_potatoes,potato,,
Idaho_potatoes,potato,,
mashed_potatoes,potato,mashed,
mashed_potatoes_and_gravy,potato,mashed,withgravy
mashed_potatos,potato,mashed,
mash_potatoes,potato,mashed,
potaoes,potato,,
potaotes,potato,,
potaters,potato,,
potato,potato,,
potatoe,potato,,
potatoes,potato,,
potatoes_mashed,potato,mashed,
potato_pancakes,potato,pancake,
potato_panckae,potato,pancake,
potato_patties,potato,patty,
potatos,potato,,
potato_skins,potato,skin,
potato_toppings,potato,topping,
pototatoes,potato,,
pototoes,potato,,
redpotatoes,potato,red,
red_potatoes,potato,red,
red_skin_potatoes,potato,red,
regular_potatoes,potato,,
russet_potatoes,potato,russet,
sauteed_potatoes,potato,sauteed,
scalloped_potaotes,potato,scalloped,
scalloped_potatoes,potato,scalloped,
scalloped_potatoes_and_ham,potato,scalloped,withham
scallop_potatoes,potato,scalloped,
sweet_poatoes,potato,sweet,
sweet_potaotes,potato,sweet,
sweet_potato,potato,sweet,
sweetpotatoes,potato,sweet,
sweet_potatoes,potato,sweet,
sweet_pototoes,potato,sweet,
there's_potatoes,potato,,
we've_got_baked_potatoes,potato,,
white_potato,potato,,
white_potatoes,potato,,
yam,potato,sweet,
yams,potato,sweet,
yellow_potatoes,potato,yellow,
potatoes_au_gratin,potatoaugratin,,
pot_dish,potdish,,
potluck,potluck,,
chicken_pie,potpie,chicken,
chicken_pot_pie,potpie,chicken,
potpie,potpie,,
potpies,potpie,,
pot_stickers,potsticker,,
pot_sticks,potsticker,,
poultry,poultry,,
poultryq,poultry,,
powder,powder,,
preserves,preserves,,
kringle,pretzel,kringle,
kringles,pretzel,kringle,
pretzel,pretzel,,
pretzels,pretzel,,
pretzles,pretzel,,
pime_rib,primerib,,
pringles,pringle,,
Pringles,pringle,,
any_produce,produce,,
other_produce,produce,other,
produce,produce,,
protein,protein,,
proteins,protein,,
prune,prune,,
bananpudding,pudding,banana,
bread_pudding,pudding,bread,
chocolate_pudding,pudding,chocolate,
pudding,pudding,,
puddings,pudding,,
rice_pudding,pudding,rice,
rumorgrout,pudding,rommegrot,
steam_puddings,pudding,steam,
tapiocpudding,pudding,tapioca,
canned_pumpkin,pumpkin,canned,
pumpkin,pumpkin,,
pumpkins,pumpkin,,
punch,punch,,
punches,punch,,
tomato_puree,puree,tomato,
quesadillas,quesadilla,,
quiche,quiche,,
quichie,quiche,,
kinwa,quinoa,,
quinoa,quinoa,,
rabbit,rabbit,,
rabbits,rabbit,,
raccoon,raccoon,,
raccoons,raccoon,,
raddish,radish,,
raddishes,radish,,
radish,radish,,
radishes,radish,,
raisens,raisin,,
raisin,raisin,,
raisins,raisin,,
rats,rat,,
ravioli,ravioli,,
raviolis,ravioli,,
relish,relish,,
relishes,relish,,
rhino,rhino,,
rhubarb,rhubarb,,
rhubarbs,rhubarb,,
rubarb,rhubarb,,
ruhbarb,rhubarb,,
baby_back_ribs,ribs,,
barbecued_ribs,ribs,,
barbecue_ribs,ribs,,
beef_ribs,ribs,,
pork_ribs,ribs,,
prime_rib,ribs,,
prime_rib_beef,ribs,,
rack_of_ribs,ribs,,
ribs,ribs,,
rib_steak,ribs,,
short_ribs,ribs,,
southern_barbecued_ribs,ribs,,
spareribs,ribs,,
spare_ribs,ribs,,
brown_rice,rice,brown,
dig,rice,,
fried_rice,rice,fried,
paella,rice,paella,
rice,rice,,
Rice-A-Roni,rice,,
rice_o_roni,rice,,
rices,rice,,
subgum_rice,rice,subgum,
white_rice,rice,white,
wild_rice,rice,wild,
stuffed_rigatoni,rigatoni,stuffed,
ring_bologna,ring,bologna,
road_kill,roadkill,,
lamb_roasts,roast,lamb,
meat_roast,roast,meat,
porkroast,roast,pork,
pork_roast,roast,pork,
pork_roasts,roast,pork,
potroast,roast,pot,
pot_roast,roast,pot,
pot_roasts,roast,pot,
roast,roast,,
roasts,roast,,
sauerbraten,roast,sauerbraten,
standing_rib_roast,roast,rib,standing
pig_roast,roats,pig,
cinnamon_rolls,roll,cinnamon,
crescent_rolls,roll,crescent,
dinner_rolls,roll,,
egg_roll,roll,,
hard_rolls,roll,,
hards_rolls,roll,,
heated_rolls,roll,,
roles,roll,,
roll,roll,,
rolls,roll,,
sweer_rolls,roll,sweet,
sweet_roll,roll,sweet,
sweetrolls,roll,sweet,
sweet_rolls,roll,sweet,
sweet_rols,roll,sweet,
turkey_roll,roll,turkey,
all_of_the_underground_foods,root,,
ginger_root,root,ginger,
roots,root,,
AW_root_beer,rootbeer,AW,
root_crops,rootcrop,,
rose,rose,,
rosemary,rosemary,,
arutavagies,rutabaga,,
rudabegas,rutabaga,,
rutabaga,rutabaga,,
rutabagas,rutabaga,,
rutabages,rutabaga,,
rutabega,rutabaga,,
rutabegas,rutabaga,,
rutebaga,rutabaga,,
ruttabagas,rutabaga,,
rye,rye,,
ryes,rye,,
saffron,saffron,,
sage,sage,,
apple_salads,salad,apple,
Caesar_salad,salad,Caesar,
Ceasar_salad,salad,Caesar,
chicken_salad,salad,chicken,
cobb_salad,salad,cobb,
cucumber_salad,salad,cucumber,
different_kinds_of_fruit_salad,salad,fruit,
different_salads,salad,,
egg_salad,salad,egg,
fruit_salad,salad,fruit,
fruit_salads,salad,fruit,
german_potato_salad,salad,potato,
German_potato_salad,salad,potato,
ham_salad,salad,ham,
jello_salads,salad,Jello,
Jello_salads,salad,Jello,
lettuce_salad,salad,lettuce,
lettuce_salads,salad,lettuce,
macaroni_salad,salad,macaroni,
macaroni_salads,salad,macaroni,
mayonnaise_potato_salad,salad,potato,mayonnaise
mesclun,salad,mesclun,
noodle_salad,salad,noodle,
pastsalad,salad,pasta,
pastsalads,salad,pasta,
pickle_salad,salad,pickle,
potatosalad,salad,potato,
potato_salad,salad,potato,
potato_salads,salad,potato,
salad,salad,,
salad_dressing,salad,dressing,
salad-dressing,salad,dressing,
salad_dressings,salad,dressing,
salad_fixings,salad,dressing,
salad_greens,salad,,
salads,salad,,
salads_of_various_types,salad,,
salards,salad,,
Serbian_salad,salad,serbian,
shrimp_salad,salad,shrimp,
tabouli,salad,tabouli,
taco_salad,salad,taco,
tossedsalad,salad,tossed,
tossed_salad,salad,tossed,
toss_salad,salad,tossed,
tunsalad,salad,tuna,
vegetable_salad,salad,,
salami,salami,,
home_canned_salmon,salmon,,
salmon,salmon,,
salsa,salsa,,
salssauce,salsa,,
iodine,salt,,
iodine_salt,salt,,
kosher_salt,salt,kosher,
salt,salt,,
seasoningsalt,salt,,
sodium,salt,,
bacon_lettuce_tomato_sandwich,sandwich,BLT,
bbq_sandwiches,sandwich,barbecue,
beef_sandwiches,sandwich,beef,
BLTs,sandwich,BLT,
BLT_sandwich,sandwich,BLT,
cannibal_sandwiches,sandwich,cannibal,
cheese_sandwhich,sandwich,cheese,
cheese_sandwich,sandwich,cheese,
cheese_sandwiches,sandwich,cheese,
chicken_sandwich,sandwich,chicken,
chicken_sandwiches,sandwich,chicken,
grill_cheese,sandwich,cheese,
grilled_cheese,sandwich,cheese,
grilled_cheese_sandwhich,sandwich,cheese,
grilled_cheese_sandwich,sandwich,cheese,
grilled_cheese_sandwiches,sandwich,cheese,
ham_and_cheese,sandwich,,
ham_broccoli_rollup,sandwich,,
ham_sandwich,sandwich,,
ham_sandwiches,sandwich,,
hoagies,sandwich,,
hot_beef,sandwich,,
hot_beef_sandwiches,sandwich,,
italian_beef,sandwich,,
mcrib_sandwich,Sandwich,mcrib,
peanut_butter_and_jelly,sandwich,pbj,
peanut_butter_and_jelly_sandw,sandwich,pbj,
peanut_butter_sandwiches,sandwich,peanutbutter,
perch_sandwiches,sandwich,perch,
reuben_sandwich,sandwich,reuben,
Reuben_sandwich,sandwich,reuben,
reuben_sandwiches,sandwich,reuben,
sandiwiches,sandwich,,
sandwhich,sandwich,,
sandwhiches,sandwich,,
sandwich,sandwich,,
sandwiches,sandwich,,
sloppy_joes,sandwich,sloppyjoe,
submarine_sandwhiches,sandwich,sub,
submarine_sandwiches,sandwich,sub,
subs,sandwich,sub,
sub_sandwich,sandwich,sub,
sub_sandwiches,sandwich,sub,
subway_sandwiches,sandwich,sub,
tomato_sandwich,sandwich,tomato,
tunsandwiches,sandwich,tuna,
turkey_sandwich,sandwich,turkey,
turkey_sandwiches,sandwich,turkey,
wraps,sandwich,wrap,
fish_sandwich,sandwitch,fish,
fish_sandwiches,sandwitch,fish,
sardines,sardine,,
A1_sauce,sauce,A1,
alfredo,sauce,alfredo,
alfredo_sauce,sauce,alfredo,
amandine_sauce,sauce,amandine,
barbecue_sauce,sauce,barbeque,
cranberry_sauce,sauce,cranberry,
different_sauces,sauce,,
hollandaise_sauce,sauce,hollandaise,
hot_sauce,sauce,hot,
hot_sause,sauce,hot,
marinara,sauce,marinara,
marinarsauce,sauce,marinara,
marsalsauce,sauce,marsala,
meat_sauce,sauce,meat,
pastsauce,sauce,pasta,
peach_sauce,sauce,peach,
pear_sauce,sauce,pear,
pesto,sauce,pesto,
pesto_sauce,sauce,pesto,
Picante_sauce,sauce,picante,
sauce,sauce,,
sauces,sauce,,
sause,sauce,,
soysauce,sauce,soy,
spaghetti_sauce,sauce,spaghetti,
steak_sauces,sauce,steak,
strawberry_sauce,sauce,strawberry,
tabasco_sauce,sauce,tabasco,
tartar_sauce,sauce,tartar,
tobasco_sauce,sauce,tabasco,
tomato_sauce,sauce,tomato,
tomato_sauces,sauce,tomato,
white_sauce,sauce,white,
Worcester_sauce,sauce,Worcester,
sauerkraut,sauerkraut,,
saurkrat,sauerkraut,,
souerkraut_and_dumplings,sauerkraut,,
all_kinds_of_sausages,sausage,,
bartwurst,sausage,bratwurst,
blood_sausage,sausage,blood,
Boccalari_wieners,sausage,boccalone,
boudin,sausage,boudin,
brat,sausage,bratwurst,
brats,sausage,bratwurst,
bratuwurst,sausage,bratwurst,
bratwrust,sausage,bratwurst,
bratwurst,sausage,bratwurst,
bratwurst_from_sheboygan,sausage,bratwurst,
bratwursts,sausage,bratwurst,
bratwurt,sausage,bratwurst,
bratwurts,sausage,bratwurst,
cyan_sausage,sausage,cayenne,
dog_sausage,sausage,,
italian_sausage,sausage,Italian,
Italian_sausage,sausage,Italian,
jimmydean_sausages,sausage,,
liver_sausage,sausage,liver,
mettwurst,sausage,mettwurst,
noctwurst,sausage,knackwurst,
Oscar_Meyer_wieners,sausage,oscarmeyer,
polar_sausage,sausage,polish,
polish_sausage,sausage,polish,
Polish_sausage,sausage,polish,
polish_sausages,sausage,polish,
pon_haus,sausage,scrapple,
pork_sausage,sausage,pork,
sausage,sausage,,
sausage_links,sausage,link,
sausage_patties,sausage,patty,
sausages,sausage,,
smoked_sausage,sausage,smoked,
suasages,sausage,,
summer_sausage,sausage,summer,
thuringer,sausage,thuringer,
varieties_of_sausage,sausage,,
venison_sausage,sausage,venison,
little_sausages,sausages,little,
scallions,scallion,,
scallops,scallop,,
scham_torte,scham,torte,
schnitzel,schnitzel,,
scraps,scraps,,
long_johns,seafood,,
seagrass,seagrass,,
seasoning,seasoning,,
seasonings,seasoning,,
seasoning_spices_I_should_say,seasoning,,
seaweed,seaweed,,
all_your_seeds,seed,,
caraway,seed,caraway,
caraway_seeds,seed,caraway,
celeryseed,seed,celery,
celery_seeds,seed,celery,
fennel,seed,fennel,
flax,seed,flax,
flaxseed,seed,flax,
flax_seed,seed,flax,
pumpkinseeds,seed,pumpkin,
pumpkin_seeds,seed,pumpkin,
seasame_seeds,seed,sesame,
seed,seed,,
seeds,seed,,
sesame_seed,seed,sesame,
sesame_seeds,seed,sesame,
seseme_seed,seed,sesame,
sunflower_seeds,seed,sunflower,
sesame,sesame,,
tahini,sesame,tahini,
chocloate_shake,shake,chocolate,
chocolate_malt,shake,chocolate,
chocolate_shake,shake,chocolate,
malt,shake,malted,
malteds,shake,malted,
malts,shake,malted,
moths,shake,malted,
protena,shake,protein,
shake,shake,,
shakes,shake,,
strawberry_shake,shake,strawberry,
shallops,shallot,,
shallots,shallot,,
shank,shank,,
sherberts,sherbet,,
sherbet,sherbet,,
shishkababs,shishkabob,,
shishkabob,shishkabob,,
shish-ka-bobs,shishkabob,,
raspberry_shortcake,shortcake,raspberry,
shortcake,shortcake,,
short_cake,shortcake,,
srtawberry_shortcake,shortcake,strawberry,
strawberry_shortcake,shortcake,strawberry,
shortening,shortening,,
shortenings,shortening,,
shrimps,shrimp,,
silage,silage,,
sirlion_tip,sirloin,tip,
sirloin_tip,sirloin,tip,
slaw,slaw,,
smoothie,smoothie,,
smoothies,smoothie,,
all_kindas_snacks,snack,,
all_snack_foods,snack,,
any_kind_of_snack,snack,,
Cheetoes,snack,chips,Cheetos
cheetos,snack,chips,Cheetos
Cheetos,snack,chips,Cheetos
cheez-its,snack,chips,Cheezits
Cheez-Its,snack,chips,Cheezits
Chex,snack,chips,ChexMix
chex_mix,snack,chips,ChexMix
chip_lets,snack,chips,
chips,snack,chips,
dingdongs,snack,sweet,Dingdong
Ding_dongs,snack,sweet,Dingdong
doritos,snack,chips,Doritos
Doritos,snack,chips,Doritos
dorittos,snack,chips,Doritos
dorritos,snack,chips,Doritos
fritos,snack,chips,
Fritos,snack,chips,
garbage_snack_food,snack,,
hohos,snack,sweet,HoHo
Ho_Hos,snack,sweet,HoHo
Ho-Hos,snack,sweet,HoHo
potato_chip,snack,chips,potato
potato_chipd,snack,chips,potato
potatochips,snack,chips,potato
potato_chips,snack,chips,potato
potato-chips,snack,chips,potato
potato_chps,snack,chips,potato
potatoe_chips,snack,chips,potato
ruffles,snack,chips,
tapas,snack,spanish,
wheat_chex,snack,chips,ChexMix
Wheat_Chex,snack,chips,ChexMix
wheat-thins,snack,chips,WheatThins
Wheat_Thins,snack,chips,WheatThins
maple_bars,snackbar,maple,
power_bar,snackbar,power,
Coca-Cola,soda,coke,
coccola,soda,coke,
CocCola,soda,coke,
Coco_cola,soda,coke,
coke,soda,coke,
Coke,soda,coke,
cola,soda,coke,
colas,soda,,
diet_coke,soda,coke,
diet_cokes,soda,coke,
diet_cola,soda,coke,
diet_pop,soda,,
Dr.Pepper,soda,DrPepper,
ginger_ale,soda,ginger,
sorbet,sorbet,,
sorbets,sorbet,,
soufflÂ‚,souffle,,
souffle,souffle,,
souffles,souffle,,
soufflÂ‚s,souffle,,
all_kinds_of_soup,soup,,
barley_soup,soup,barley,
bean_soup,soup,bean,
beef_soup,soup,beef,
borscht,soup,other,borscht
broccoli_cheddar_soups,soup,broccoli,
broccoli_soup,soup,broccoli,
Campbell's_soup,soup,canned,
canned_soup,soup,canned,
canned_soups,soup,canned,
cheese_soup,soup,cheese,
chicken_noodle,soup,chicken,
chicken_noodle_soup,soup,chicken,
chicken_soup,soup,chicken,
different_kinds_of_soups,soup,,
egg_drop_soup,soup,eggdrop,
hamburger_soup,soup,hamburger,
lentil_soup,soup,lentil,
mulligatawny,soup,mulligatawny,
mushroom_soup,soup,mushroom,
noodle_soup,soup,noodle,
onion_soup,soup,onion,
pesoup,soup,pea,
poi,soup,poi,hawaiian
potato_soup,soup,potato,
soup,soup,,
soup_bone,soup,bone,
soup_bones,soup,bone,
soups,soup,,
soups_like_tomato,soup,tomato,
split_pesoup,soup,splitpea,
tomatosoup,soup,tomato,
tomato_soup,soup,tomato,
vegetable_soup,soup,vegetable,
vegetable_soups,soup,vegetable,
sour_creams,sourcream,,
soy,soy,,
soy_sauce,soy,sauce,
soy_bean,soybean,,
soybeans,soybean,,
soy_beans,soybean,,
meatballs_with_spaghetti,spaghetti,,
spagetti,spaghetti,,
spaghetti,spaghetti,,
spaghetti_and_meatballs,spaghetti,,
spaghetti_made_with_meatballs,spaghetti,,
spaghetti_noodles,spaghetti,,
spaghetti_or_pasta,spaghetti,,
spaghettis,spaghetti,,
sphagetti,spaghetti,,
sphaghetti,spaghetti,,
Spagettios,spaghettio,,
spaghetti_o's,spaghettio,,
Spaghettios,spaghettio,,
spam,spam,,
Spam,spam,,
spice,spice,,
spices,spice,,
all_kinds_of_spices,spices,,
spinach,spinach,,
spinich,spinach,,
spinnach,spinach,,
splenda,splenda,,
sucra,splenda,,
sponge,sponge,,
bread_spreads,spread,,
cheese_spread,spread,cheese,
spread,spread,,
spreads,spread,,
sprouts,sprout,,
acorn_squash,squash,acorn,
all_different_kinds_of_squash,squash,,
butternut_squash,squash,butternut,
cooked_squash,squash,,
gourds,squash,,
gourds_and_squash-type_foods,squash,,
spaghetti_squash,squash,spaghetti,
squash,squash,,
squashes,squash,,
summersquash,squash,summer,
summer_squash,squash,summer,
winter_squash,squash,winter,
yellow_squash,squash,yellow,
starch,starch,,
starches,starch,,
cheese_steak,steak,cheese,
chop_steak,steak,chop,
cubed_steak,steak,,
cube_steak,steak,,
different_kinds_of_steak,steak,,
eye_of_the_round,steak,,
file_minion,steak,,
filet,steak,,
filet_mignon,steak,,
fillet,steak,,
fillet_mignon,steak,,
fillet_mingnon,steak,,
fillets,steak,,
fillet_steak,steak,,
fillet_steaks,steak,,
filling,steak,,
flank_steak,steak,,
good_steak,steak,,
grilled_steaks,steak,,
in_the_meats_we've_got_steaks,steak,,
minute_steak,steak,minute,
porterhouse,steak,porterhouse,
porterhouse_steaks,steak,porterhouse,
porter_steak,steak,porterhouse,
rib_eye,steak,ribeye,
rib_eyes,steak,ribeye,
rib_eye_steak,steak,ribeye,
ribeye_steak,steak,ribeye,
ribeye_steaks,steak,ribeye,
round_steak,steak,round,
sirloin,steak,sirloin,
sirloins,steak,sirloin,
sirloin_steak,steak,sirloin,
sirloin_steaks,steak,sirloin,
siroloin_steak,steak,sirloin,
steak,steak,,
steak_chops,steak,chop,
steak_I_guess_that's_meat,steak,,
steak_oh_that_would_be_beef,steak,,
steaks,steak,,
steaks_as_far_as_loinchops,steak,,
steak_sirloin,steak,sirloin,
streak,steak,,
swiss_steak,steak,swiss,
t-bone,steak,tbone,
T_bone,steak,tbone,
T-bone,steak,tbone,
t_bones,steak,tbone,
t-bones,steak,tbone,
T_bones,steak,tbone,
T-bones,steak,tbone,
t-bone_steak,steak,tbone,
T-bone_steak,steak,tbone,
t-bone_steaks,steak,tbone,
T-bone_steaks,steak,tbone,
tee_bone_steak,steak,tbone,
beef_stew,stew,beef,
hasenpfeffer,stew,hasenpfeffer,
Irish_stew,stew,,
lamb_stew,stew,lamb,
meat_stew,stew,meat,
oyster_stew,stew,oyster,
sterw,stew,,
stew,stew,,
stews,stew,,
seasame_sticks,stick,sesame,
sesame_sticks,stick,sesame,
stir_fries,stirfry,,
stirfry,stirfry,,
stir_fry,stirfry,,
stir-fry,stirfry,,
stawberries,strawberry,,
strawberries,strawberry,,
strawberries_what_have_you,strawberry,,
strawberry,strawberry,,
beef_stroganoff,stroganoff,beef,
apple_strudel,strudel,apple,
strudel,strudel,,
stove_top_stuffing,stuffing,,
stuffing,stuffing,,
brown_sugar,sugar,brown,
powdered_sugar,sugar,,
powered_sugar,sugar,,
sugar,sugar,,
sugars,sugar,,
white_sugar,sugar,,
sugarcane,sugarcane,,
sugar_cane,sugarcane,,
sundae,sundae,,
sundaes,sundae,,
Sunday,sundae,,
sundays,sundae,,
sunflowers,sunflower,,
sushi,sushi,,
sweets,sweets,,
sweet_treats,sweets,,
maple_syrup,syrup,maple,
pancake_syrup,syrup,pancake,
sryup,syrup,,
syrup,syrup,,
syrups,syrup,,
hard_shell_tacos,taco,,
soft_shell_tacos,taco,softshell,
taco,taco,,
taco_chips,taco,,
tacos,taco,,
taco_shells,taco,shell,
tamale,tamale,,
tamales,tamale,,
tomales,tamale,,
hot_tamales,tamales,,
tapioca,tapioca,,
tart,tart,,
tarts,tart,,
taters,tatertot,,
tater_tots,tatertot,,
tator_tots,tatertot,,
herbal_tea,tea,,
herb_tea,tea,,
iced_tea,tea,iced,
ice_tea,tea,iced,
tea,tea,,
teas,tea,,
tempura,tempura,,
tenderloin,tenderloin,,
tenderloins,tenderloin,,
tender_loins,tenderloin,,
thighs,thighs,,
tyme,thyme,,
timothy_hay,timothyhay,,
tiramisu,tiramisu,,
cinnamon_toast,toast,cinnamon,
toast,toast,,
tofu,tofu,,
tomatillo,tomatillo,,
canned_tomates,tomato,canned,
canned_tomatoes,tomato,canned,
fresh_tomatose,tomato,,
stewed_tomatoes,tomato,stewed,
tomaotes,tomato,,
tomaters,tomato,,
tomato,tomato,,
tomatoe,tomato,,
tomatoes,tomato,,
tomatos,tomato,,
tomoato,tomato,,
tomotoes,tomato,,
tromatoes,tomato,,
whole_tomates,tomato,,
yellow_tomatoes,tomato,yellow,
tongue,tongue,,
tonic,tonic,,
torts,tort,,
tortilla,tortilla,,
tortillas,tortilla,,
mexican_tortillas,tortillas,mexican,
tostadas,tostada,,
tostados,tostada,,
treats,treat,,
trifles,trifle,,
triscuts,triscuit,,
truffles,truffle,,
tuber,tuber,,
tubers,tuber,,
blue_fin_tuna,tuna,bluefin,
tuna,tuna,,
Tuna,tuna,,
tunafish,tuna,,
tunas,tuna,,
tunfish,tuna,,
roast_turkey,turkey,roast,
turkey,turkey,,
turkey_breast,turkey,breast,
turkeys,turkey,,
turkey_tetrazzini,turkey,tetrazzini,
turnkey,turkey,,
wild_turkey,turkey,,
turnip,turnip,,
turnip_greens,turnip,greens,
turnips,turnip,,
your_turnips,turnip,,
apple_turnover,turnover,apple,
apple_turnovers,turnover,apple,
stramboni,turnover,stromboli,
tornados,turnover,tornado,
turnovers,turnover,,
microwave_tv_dinners,tvdinner,,
tv_dinner,tvdinner,,
t.v._dinners,tvdinner,,
tv_dinners,tvdinner,,
TV_dinners,tvdinner,,
TV_lunches,tvdinner,,
Twinkie,twinkie,,
twinkies,twinkie,,
Twinkies,twinkie,,
vanilla,vanilla,,
veal,veal,,
veal_chops,veal,chops,
veal_cutlets,veal,cutlets,
veals,veal,,
veil,veal,,
viel,veal,,
zeal,veal,,
all_different_vegetables,vegetable,,
all_kinds_of_vegetables,vegetable,,
all_of_the_vegetables,vegetable,,
all_the_vegetables,vegetable,,
all_types_of_vegetables,vegetable,,
all_vegetables,vegetable,,
any_kind_of_vegetable,vegetable,,
canned_vegetable,vegetable,canned,
canned_vegetables,vegetable,canned,
different_kinds_of_vegetables,vegetable,,
different_types_of_vegetables,vegetable,,
different_vegetables,vegetable,,
fresh_vegetables,vegetable,,
frozen_vegetables,vegetable,,
lot_of_vegetables,vegetable,,
mixed_greens,vegetable,mixed,
mixed_vegetables,vegetable,mixed,
picked_vegetables,vegetable,pickled,
radicchio,vegetable,radicchio,
raw_vegetables,vegetable,raw,
root_vegetables,vegetable,root,
swiss_chard,vegetable,chard,
Swiss_chard,vegetable,chard,
the_vegetable_line,vegetable,,
tons_of_vegetables,vegetable,,
vegatables,vegetable,,
vegeables,vegetable,,
vegegables,vegetable,,
vegetable,vegetable,,
vegetable_family,vegetable,,
vegetable_foods,vegetable,,
vegetables,vegetable,,
vegetable_side_dishes,vegetable,sidedish,
vegetables_in_general,vegetable,,
vegetables_of_all_kinds,vegetable,,
vegetables_of_any_kind,vegetable,,
vegetables_specific_vegetable,vegetable,,
veggies,vegetable,,
vegitables,vegetable,,
leafy_vegetables,vegetables,leafy,
prepared_vegetables,vegetables,prepared,
venison,venison,,
vermicelli,vermicelli,,
vinaigrette,vinaigrette,,
vinegar,vinegar,,
vitamins,vitamin,,
wafers,wafer,,
waffels,waffle,,
waffle,waffle,,
waffles,waffle,,
walnut,walnut,,
walnuts,walnut,,
wasabi,wasabi,,
bottled_water,water,bottled,
ice_water,water,,
water,water,,
watermellon,watermelon,,
watermelon,watermelon,,
watermelons,watermelon,,
whale,whale,,
bulgar,wheat,bulgur,
bulgur,wheat,bulgur,
cracked,wheat,cracked,
wheat,wheat,,
wheat_products,wheat,,
wheats,wheat,,
wheat_germ,wheatgerm,,
weeners,wiener,,
weiner,wiener,,
weiners,wiener,,
malbec,wine,malbec,
merlot,wine,merlot,
wines,wine,,
buffalo_wings,wings,buffalo,
chicken_wings,wings,chicken,
hot_wings,wings,,
wings,wings,,
wolves,wolf,,
wonton,wonton,,
yeast,yeast,,
frozen_yogurt,yogurt,frozen,
yoghurt,yogurt,,
yogurt,yogurt,,
yogurts,yogurt,,
yougurt,yogurt,,
zebra,zebra,,
zebras,zebra,,
lemon_zest,zest,lemon,
zucchini,zucchini,,
zucchinis,zucchini,,
zucchini_squash,zucchini,,
zuccini,zucchini,,
zuccinni,zucchini,,
zuchini,zucchini,,
zuchinni,zucchini,,
zuchinni_squash,zucchini,,
acidy,,,
additives,,,
adequate,,,
all_the_good_stuff_like_that,,,
all_those_ingredients,,,
b?,,,
bibb,,,
bitter,,,
blended,,,
boof,,,
brand_names,,,
compounds_of_food,,,
Coney_Islands,,,
cupboardfull,,,
dealing_with_basic_foods,,,
denvers,,,
divinity,,,
dredge,,,
edible_inedible_foods,,,
euchre,,,
familiar,,,
family,,,
fan,,,
far,,,
few,,,
flambes,,,
fluatine,,,
foods_for_bodily_functions,,,
foods_in_conjunction_w/health,,,
foods_in_vitamin_defficiencies,,,
food_that_have_high_calories,,,
food_that_isn't,,,
food_that's_good_for_you,,,
food_that_you_grow,,,
free-flowing_foods,,,
fructose,,,
fun,,,
furnace,,,
gluten,,,
golden_something,,,
good_food,,,
good_for_you,,,
grease,,,
hard,,,
highballs,,,
ices,,,
inadequate_food,,,
label,,,
lagoons,,,
larder,,,
lawn,,,
length,,,
light,,,
little,,,
lonely,,,
love,,,
low,,,
lubinni,,,
manacor,,,
mashed,,,
mat,,,
meal,,,
meals,,,
mia-mia,,,
mushy,,,
night_clubs,,,
northerns,,,
nunknown,,,
okly,,,
pills,,,
pollen,,,
prk,,,
roast_kid,,,
saskatoon,,,
serations,,,
soft,,,
sole,,,
specific_foods,,,
sumptuous,,,
surf,,,
tableware,,,
tasty_titters,,,
the_pills,,,
Tia,,,
whenwa,,,
white,,,
yellow,,,
